Audit Cycle,Employee ID,Employee Name,Department,Designation,KPI Code,KPI Name,Target Weightage %,Target,Target %,Achieved,Achieved %,Achieved Weightage %,KPI Status,Overall Score,Audit Status
Jul-Aug 2026,EMP001,Rahul,Sales,Executive,KPI001,Productivity,15,95,95,89.1,89.1,14.07,Partially Met,98.17,Completed
Jul-Aug 2026,EMP001,Rahul,Sales,Executive,KPI002,Quality Score,15,90,90,93.1,93.1,15.52,Met,98.17,Completed
Jul-Aug 2026,EMP001,Rahul,Sales,Executive,KPI003,Attendance,10,26,90,22.5,86.6,9.62,Partially Met,98.17,Completed
Jul-Aug 2026,EMP001,Rahul,Sales,Executive,KPI004,SLA Compliance,10,100,95,92.4,92.4,9.73,Partially Met,98.17,Completed
Jul-Aug 2026,EMP001,Rahul,Sales,Executive,KPI005,Customer Satisfaction,10,90,90,79.1,79.1,8.79,Partially Met,98.17,Completed
Jul-Aug 2026,EMP001,Rahul,Sales,Executive,KPI006,Error Rate,10,5,5,4.7,106.4,12,Met,98.17,Completed
Jul-Aug 2026,EMP001,Rahul,Sales,Executive,KPI007,Timeliness,10,95,95,87.2,87.2,9.18,Partially Met,98.17,Completed
Jul-Aug 2026,EMP001,Rahul,Sales,Executive,KPI008,Process Compliance,10,85,85,87,87,10.24,Met,98.17,Completed
Jul-Aug 2026,EMP001,Rahul,Sales,Executive,KPI009,Training Completion,5,100,85,75.7,75.7,4.45,Partially Met,98.17,Completed
Jul-Aug 2026,EMP001,Rahul,Sales,Executive,KPI010,Documentation Accuracy,5,85,85,77.7,77.7,4.57,Partially Met,98.17,Completed
Jul-Aug 2026,EMP002,Priya,Operations,Team Lead,KPI001,Productivity,15,95,95,60.1,60.1,9.49,Not Met,81.57,Completed
Jul-Aug 2026,EMP002,Priya,Operations,Team Lead,KPI002,Quality Score,15,95,95,64.9,64.9,10.25,Not Met,81.57,Completed
Jul-Aug 2026,EMP002,Priya,Operations,Team Lead,KPI003,Attendance,10,26,95,21.8,83.9,8.83,Partially Met,81.57,Completed
Jul-Aug 2026,EMP002,Priya,Operations,Team Lead,KPI004,SLA Compliance,10,100,95,69.3,69.3,7.29,Not Met,81.57,Completed
Jul-Aug 2026,EMP002,Priya,Operations,Team Lead,KPI005,Customer Satisfaction,10,85,85,75.6,75.6,8.89,Partially Met,81.57,Completed
Jul-Aug 2026,EMP002,Priya,Operations,Team Lead,KPI006,Error Rate,10,5,5,5.99,83.5,12,Met,81.57,Completed
Jul-Aug 2026,EMP002,Priya,Operations,Team Lead,KPI007,Timeliness,10,85,85,62.1,62.1,7.31,Not Met,81.57,Completed
Jul-Aug 2026,EMP002,Priya,Operations,Team Lead,KPI008,Process Compliance,10,95,95,76.8,76.8,8.08,Partially Met,81.57,Completed
Jul-Aug 2026,EMP002,Priya,Operations,Team Lead,KPI009,Training Completion,5,100,95,89.4,89.4,4.71,Partially Met,81.57,Completed
Jul-Aug 2026,EMP002,Priya,Operations,Team Lead,KPI010,Documentation Accuracy,5,90,90,84.9,84.9,4.72,Partially Met,81.57,Completed
Jul-Aug 2026,EMP003,Amit,Customer Support,Senior Executive,KPI001,Productivity,15,95,95,76.7,76.7,12.11,Partially Met,96.49,Completed
Jul-Aug 2026,EMP003,Amit,Customer Support,Senior Executive,KPI002,Quality Score,15,95,95,97.4,97.4,15.38,Met,96.49,Completed
Jul-Aug 2026,EMP003,Amit,Customer Support,Senior Executive,KPI003,Attendance,10,26,90,23,88.4,9.82,Partially Met,96.49,Completed
Jul-Aug 2026,EMP003,Amit,Customer Support,Senior Executive,KPI004,SLA Compliance,10,100,95,95.1,95.1,10.01,Met,96.49,Completed
Jul-Aug 2026,EMP003,Amit,Customer Support,Senior Executive,KPI005,Customer Satisfaction,10,95,95,86.2,86.2,9.07,Partially Met,96.49,Completed
Jul-Aug 2026,EMP003,Amit,Customer Support,Senior Executive,KPI006,Error Rate,10,3,3,3.22,93.2,12,Met,96.49,Completed
Jul-Aug 2026,EMP003,Amit,Customer Support,Senior Executive,KPI007,Timeliness,10,95,95,90.8,90.8,9.56,Partially Met,96.49,Completed
Jul-Aug 2026,EMP003,Amit,Customer Support,Senior Executive,KPI008,Process Compliance,10,85,85,79,79,9.29,Partially Met,96.49,Completed
Jul-Aug 2026,EMP003,Amit,Customer Support,Senior Executive,KPI009,Training Completion,5,100,90,87.4,87.4,4.86,Partially Met,96.49,Completed
Jul-Aug 2026,EMP003,Amit,Customer Support,Senior Executive,KPI010,Documentation Accuracy,5,95,95,83.4,83.4,4.39,Partially Met,96.49,Completed
Jul-Aug 2026,EMP004,Sneha,Customer Support,Executive,KPI001,Productivity,15,95,95,101,101,15.95,Met,100.62,Completed
Jul-Aug 2026,EMP004,Sneha,Customer Support,Executive,KPI002,Quality Score,15,90,90,90.7,90.7,15.12,Met,100.62,Completed
Jul-Aug 2026,EMP004,Sneha,Customer Support,Executive,KPI003,Attendance,10,26,90,23.1,88.7,9.86,Partially Met,100.62,Completed
Jul-Aug 2026,EMP004,Sneha,Customer Support,Executive,KPI004,SLA Compliance,10,100,90,92.8,92.8,10.31,Met,100.62,Completed
Jul-Aug 2026,EMP004,Sneha,Customer Support,Executive,KPI005,Customer Satisfaction,10,90,90,83.3,83.3,9.26,Partially Met,100.62,Completed
Jul-Aug 2026,EMP004,Sneha,Customer Support,Executive,KPI006,Error Rate,10,7,7,7.72,90.7,12,Met,100.62,Completed
Jul-Aug 2026,EMP004,Sneha,Customer Support,Executive,KPI007,Timeliness,10,85,85,76.6,76.6,9.01,Partially Met,100.62,Completed
Jul-Aug 2026,EMP004,Sneha,Customer Support,Executive,KPI008,Process Compliance,10,85,85,78.8,78.8,9.27,Partially Met,100.62,Completed
Jul-Aug 2026,EMP004,Sneha,Customer Support,Executive,KPI009,Training Completion,5,100,95,98.7,98.7,5.19,Met,100.62,Completed
Jul-Aug 2026,EMP004,Sneha,Customer Support,Executive,KPI010,Documentation Accuracy,5,85,85,79,79,4.65,Partially Met,100.62,Completed
Jul-Aug 2026,EMP005,Vikram,Sales,Manager,KPI001,Productivity,15,95,95,100.7,100.7,15.9,Met,106.47,Completed
Jul-Aug 2026,EMP005,Vikram,Sales,Manager,KPI002,Quality Score,15,85,85,89.1,89.1,15.72,Met,106.47,Completed
Jul-Aug 2026,EMP005,Vikram,Sales,Manager,KPI003,Attendance,10,26,90,24.3,93.6,10.4,Met,106.47,Completed
Jul-Aug 2026,EMP005,Vikram,Sales,Manager,KPI004,SLA Compliance,10,100,95,99.3,99.3,10.45,Met,106.47,Completed
Jul-Aug 2026,EMP005,Vikram,Sales,Manager,KPI005,Customer Satisfaction,10,95,95,101.7,101.7,10.71,Met,106.47,Completed
Jul-Aug 2026,EMP005,Vikram,Sales,Manager,KPI006,Error Rate,10,3,3,2.52,119,12,Met,106.47,Completed
Jul-Aug 2026,EMP005,Vikram,Sales,Manager,KPI007,Timeliness,10,85,85,90,90,10.59,Met,106.47,Completed
Jul-Aug 2026,EMP005,Vikram,Sales,Manager,KPI008,Process Compliance,10,90,90,95.3,95.3,10.59,Met,106.47,Completed
Jul-Aug 2026,EMP005,Vikram,Sales,Manager,KPI009,Training Completion,5,100,95,91.6,91.6,4.82,Partially Met,106.47,Completed
Jul-Aug 2026,EMP005,Vikram,Sales,Manager,KPI010,Documentation Accuracy,5,85,85,90,90,5.29,Met,106.47,Completed
Jul-Aug 2026,EMP006,Anjali,Operations,Manager,KPI001,Productivity,15,85,85,88.2,88.2,15.56,Met,107.64,Completed
Jul-Aug 2026,EMP006,Anjali,Operations,Manager,KPI002,Quality Score,15,85,85,89.7,89.7,15.83,Met,107.64,Completed
Jul-Aug 2026,EMP006,Anjali,Operations,Manager,KPI003,Attendance,10,26,85,22.8,87.7,10.32,Met,107.64,Completed
Jul-Aug 2026,EMP006,Anjali,Operations,Manager,KPI004,SLA Compliance,10,100,90,93.5,93.5,10.39,Met,107.64,Completed
Jul-Aug 2026,EMP006,Anjali,Operations,Manager,KPI005,Customer Satisfaction,10,90,90,98.9,98.9,10.99,Met,107.64,Completed
Jul-Aug 2026,EMP006,Anjali,Operations,Manager,KPI006,Error Rate,10,7,7,6.18,113.3,12,Met,107.64,Completed
Jul-Aug 2026,EMP006,Anjali,Operations,Manager,KPI007,Timeliness,10,95,95,104.2,104.2,10.97,Met,107.64,Completed
Jul-Aug 2026,EMP006,Anjali,Operations,Manager,KPI008,Process Compliance,10,85,85,87.5,87.5,10.29,Met,107.64,Completed
Jul-Aug 2026,EMP006,Anjali,Operations,Manager,KPI009,Training Completion,5,100,90,98,98,5.44,Met,107.64,Completed
Jul-Aug 2026,EMP006,Anjali,Operations,Manager,KPI010,Documentation Accuracy,5,85,85,99.4,99.4,5.85,Met,107.64,Completed
Jul-Aug 2026,EMP007,Rohan,IT,Executive,KPI001,Productivity,15,85,85,85.9,85.9,15.16,Met,106.65,Completed
Jul-Aug 2026,EMP007,Rohan,IT,Executive,KPI002,Quality Score,15,85,85,87.7,87.7,15.48,Met,106.65,Completed
Jul-Aug 2026,EMP007,Rohan,IT,Executive,KPI003,Attendance,10,26,95,26,100,10.53,Met,106.65,Completed
Jul-Aug 2026,EMP007,Rohan,IT,Executive,KPI004,SLA Compliance,10,100,95,104.8,104.8,11.03,Met,106.65,Completed
Jul-Aug 2026,EMP007,Rohan,IT,Executive,KPI005,Customer Satisfaction,10,90,90,88.4,88.4,9.82,Partially Met,106.65,Completed
Jul-Aug 2026,EMP007,Rohan,IT,Executive,KPI006,Error Rate,10,7,7,6.6,106.1,12,Met,106.65,Completed
Jul-Aug 2026,EMP007,Rohan,IT,Executive,KPI007,Timeliness,10,85,85,86.2,86.2,10.14,Met,106.65,Completed
Jul-Aug 2026,EMP007,Rohan,IT,Executive,KPI008,Process Compliance,10,90,90,102.4,102.4,11.38,Met,106.65,Completed
Jul-Aug 2026,EMP007,Rohan,IT,Executive,KPI009,Training Completion,5,100,85,95.1,95.1,5.59,Met,106.65,Completed
Jul-Aug 2026,EMP007,Rohan,IT,Executive,KPI010,Documentation Accuracy,5,90,90,99.3,99.3,5.52,Met,106.65,Completed
Jul-Aug 2026,EMP008,Neha,Operations,Executive,KPI001,Productivity,15,95,95,95.7,95.7,15.11,Met,91.42,Completed
Jul-Aug 2026,EMP008,Neha,Operations,Executive,KPI002,Quality Score,15,95,95,81.7,81.7,12.9,Partially Met,91.42,Completed
Jul-Aug 2026,EMP008,Neha,Operations,Executive,KPI003,Attendance,10,26,90,19.2,73.9,8.21,Partially Met,91.42,Completed
Jul-Aug 2026,EMP008,Neha,Operations,Executive,KPI004,SLA Compliance,10,100,85,72.9,72.9,8.58,Partially Met,91.42,Completed
Jul-Aug 2026,EMP008,Neha,Operations,Executive,KPI005,Customer Satisfaction,10,90,90,82.8,82.8,9.2,Partially Met,91.42,Completed
Jul-Aug 2026,EMP008,Neha,Operations,Executive,KPI006,Error Rate,10,7,7,8.37,83.6,12,Met,91.42,Completed
Jul-Aug 2026,EMP008,Neha,Operations,Executive,KPI007,Timeliness,10,85,85,77.9,77.9,9.16,Partially Met,91.42,Completed
Jul-Aug 2026,EMP008,Neha,Operations,Executive,KPI008,Process Compliance,10,95,95,67.8,67.8,7.14,Not Met,91.42,Completed
Jul-Aug 2026,EMP008,Neha,Operations,Executive,KPI009,Training Completion,5,100,90,79.4,79.4,4.41,Partially Met,91.42,Completed
Jul-Aug 2026,EMP008,Neha,Operations,Executive,KPI010,Documentation Accuracy,5,95,95,89.5,89.5,4.71,Partially Met,91.42,Completed
Jul-Aug 2026,EMP009,Karan,Customer Support,Senior Executive,KPI001,Productivity,15,85,85,82.5,82.5,14.56,Partially Met,95.48,Completed
Jul-Aug 2026,EMP009,Karan,Customer Support,Senior Executive,KPI002,Quality Score,15,85,85,76.5,76.5,13.5,Partially Met,95.48,Completed
Jul-Aug 2026,EMP009,Karan,Customer Support,Senior Executive,KPI003,Attendance,10,26,90,22.5,86.6,9.62,Partially Met,95.48,Completed
Jul-Aug 2026,EMP009,Karan,Customer Support,Senior Executive,KPI004,SLA Compliance,10,100,90,77.8,77.8,8.64,Partially Met,95.48,Completed
Jul-Aug 2026,EMP009,Karan,Customer Support,Senior Executive,KPI005,Customer Satisfaction,10,95,95,82.3,82.3,8.66,Partially Met,95.48,Completed
Jul-Aug 2026,EMP009,Karan,Customer Support,Senior Executive,KPI006,Error Rate,10,3,3,3.29,91.2,12,Met,95.48,Completed
Jul-Aug 2026,EMP009,Karan,Customer Support,Senior Executive,KPI007,Timeliness,10,85,85,72.8,72.8,8.56,Partially Met,95.48,Completed
Jul-Aug 2026,EMP009,Karan,Customer Support,Senior Executive,KPI008,Process Compliance,10,95,95,90.1,90.1,9.48,Partially Met,95.48,Completed
Jul-Aug 2026,EMP009,Karan,Customer Support,Senior Executive,KPI009,Training Completion,5,100,95,95.7,95.7,5.04,Met,95.48,Completed
Jul-Aug 2026,EMP009,Karan,Customer Support,Senior Executive,KPI010,Documentation Accuracy,5,95,95,102.9,102.9,5.42,Met,95.48,Completed
Jul-Aug 2026,EMP010,Pooja,HR,Manager,KPI001,Productivity,15,95,95,81.5,81.5,12.87,Partially Met,97.06,Completed
Jul-Aug 2026,EMP010,Pooja,HR,Manager,KPI002,Quality Score,15,90,90,90,90,15,Met,97.06,Completed
Jul-Aug 2026,EMP010,Pooja,HR,Manager,KPI003,Attendance,10,26,90,22.2,85.4,9.49,Partially Met,97.06,Completed
Jul-Aug 2026,EMP010,Pooja,HR,Manager,KPI004,SLA Compliance,10,100,95,93,93,9.79,Partially Met,97.06,Completed
Jul-Aug 2026,EMP010,Pooja,HR,Manager,KPI005,Customer Satisfaction,10,95,95,90.3,90.3,9.51,Partially Met,97.06,Completed
Jul-Aug 2026,EMP010,Pooja,HR,Manager,KPI006,Error Rate,10,7,7,8.06,86.8,12,Met,97.06,Completed
Jul-Aug 2026,EMP010,Pooja,HR,Manager,KPI007,Timeliness,10,85,85,84.5,84.5,9.94,Partially Met,97.06,Completed
Jul-Aug 2026,EMP010,Pooja,HR,Manager,KPI008,Process Compliance,10,95,95,84.5,84.5,8.89,Partially Met,97.06,Completed
Jul-Aug 2026,EMP010,Pooja,HR,Manager,KPI009,Training Completion,5,100,95,90.2,90.2,4.75,Partially Met,97.06,Completed
Jul-Aug 2026,EMP010,Pooja,HR,Manager,KPI010,Documentation Accuracy,5,90,90,86.7,86.7,4.82,Partially Met,97.06,Completed
Jul-Aug 2026,EMP011,Arjun,Operations,Manager,KPI001,Productivity,15,85,85,91.5,91.5,16.15,Met,107.55,Completed
Jul-Aug 2026,EMP011,Arjun,Operations,Manager,KPI002,Quality Score,15,85,85,92.3,92.3,16.29,Met,107.55,Completed
Jul-Aug 2026,EMP011,Arjun,Operations,Manager,KPI003,Attendance,10,26,85,23.9,92.1,10.84,Met,107.55,Completed
Jul-Aug 2026,EMP011,Arjun,Operations,Manager,KPI004,SLA Compliance,10,100,95,100.4,100.4,10.57,Met,107.55,Completed
Jul-Aug 2026,EMP011,Arjun,Operations,Manager,KPI005,Customer Satisfaction,10,85,85,89.2,89.2,10.49,Met,107.55,Completed
Jul-Aug 2026,EMP011,Arjun,Operations,Manager,KPI006,Error Rate,10,7,7,6.41,109.2,12,Met,107.55,Completed
Jul-Aug 2026,EMP011,Arjun,Operations,Manager,KPI007,Timeliness,10,85,85,86.2,86.2,10.14,Met,107.55,Completed
Jul-Aug 2026,EMP011,Arjun,Operations,Manager,KPI008,Process Compliance,10,85,85,87.9,87.9,10.34,Met,107.55,Completed
Jul-Aug 2026,EMP011,Arjun,Operations,Manager,KPI009,Training Completion,5,100,90,96.2,96.2,5.34,Met,107.55,Completed
Jul-Aug 2026,EMP011,Arjun,Operations,Manager,KPI010,Documentation Accuracy,5,90,90,97.1,97.1,5.39,Met,107.55,Completed
Jul-Aug 2026,EMP012,Divya,Customer Support,Manager,KPI001,Productivity,15,90,90,74.3,74.3,12.38,Partially Met,84.94,Completed
Jul-Aug 2026,EMP012,Divya,Customer Support,Manager,KPI002,Quality Score,15,90,90,63.5,63.5,10.58,Not Met,84.94,Completed
Jul-Aug 2026,EMP012,Divya,Customer Support,Manager,KPI003,Attendance,10,26,90,21.2,81.7,9.08,Partially Met,84.94,Completed
Jul-Aug 2026,EMP012,Divya,Customer Support,Manager,KPI004,SLA Compliance,10,100,95,88,88,9.26,Partially Met,84.94,Completed
Jul-Aug 2026,EMP012,Divya,Customer Support,Manager,KPI005,Customer Satisfaction,10,90,90,61.4,61.4,6.82,Not Met,84.94,Completed
Jul-Aug 2026,EMP012,Divya,Customer Support,Manager,KPI006,Error Rate,10,7,7,7.6,92.1,12,Met,84.94,Completed
Jul-Aug 2026,EMP012,Divya,Customer Support,Manager,KPI007,Timeliness,10,90,90,76.5,76.5,8.5,Partially Met,84.94,Completed
Jul-Aug 2026,EMP012,Divya,Customer Support,Manager,KPI008,Process Compliance,10,85,85,71.9,71.9,8.46,Partially Met,84.94,Completed
Jul-Aug 2026,EMP012,Divya,Customer Support,Manager,KPI009,Training Completion,5,100,90,68.8,68.8,3.82,Not Met,84.94,Completed
Jul-Aug 2026,EMP012,Divya,Customer Support,Manager,KPI010,Documentation Accuracy,5,95,95,76.7,76.7,4.04,Partially Met,84.94,Completed
Jul-Aug 2026,EMP013,Sanjay,IT,Senior Executive,KPI001,Productivity,15,95,95,78.5,78.5,12.39,Partially Met,84.69,Completed
Jul-Aug 2026,EMP013,Sanjay,IT,Senior Executive,KPI002,Quality Score,15,95,95,74,74,11.68,Not Met,84.69,Completed
Jul-Aug 2026,EMP013,Sanjay,IT,Senior Executive,KPI003,Attendance,10,26,95,20.2,77.5,8.16,Partially Met,84.69,Completed
Jul-Aug 2026,EMP013,Sanjay,IT,Senior Executive,KPI004,SLA Compliance,10,100,95,72.8,72.8,7.66,Not Met,84.69,Completed
Jul-Aug 2026,EMP013,Sanjay,IT,Senior Executive,KPI005,Customer Satisfaction,10,90,90,80,80,8.89,Partially Met,84.69,Completed
Jul-Aug 2026,EMP013,Sanjay,IT,Senior Executive,KPI006,Error Rate,10,5,5,5.09,98.2,12,Met,84.69,Completed
Jul-Aug 2026,EMP013,Sanjay,IT,Senior Executive,KPI007,Timeliness,10,85,85,62.1,62.1,7.31,Not Met,84.69,Completed
Jul-Aug 2026,EMP013,Sanjay,IT,Senior Executive,KPI008,Process Compliance,10,85,85,66.9,66.9,7.87,Not Met,84.69,Completed
Jul-Aug 2026,EMP013,Sanjay,IT,Senior Executive,KPI009,Training Completion,5,100,85,80,80,4.71,Partially Met,84.69,Completed
Jul-Aug 2026,EMP013,Sanjay,IT,Senior Executive,KPI010,Documentation Accuracy,5,90,90,72.4,72.4,4.02,Partially Met,84.69,Completed
Jul-Aug 2026,EMP014,Kavita,IT,Manager,KPI001,Productivity,15,95,95,97.1,97.1,15.33,Met,107.76,Completed
Jul-Aug 2026,EMP014,Kavita,IT,Manager,KPI002,Quality Score,15,85,85,91.9,91.9,16.22,Met,107.76,Completed
Jul-Aug 2026,EMP014,Kavita,IT,Manager,KPI003,Attendance,10,26,90,22.4,86.3,9.59,Partially Met,107.76,Completed
Jul-Aug 2026,EMP014,Kavita,IT,Manager,KPI004,SLA Compliance,10,100,85,90.9,90.9,10.69,Met,107.76,Completed
Jul-Aug 2026,EMP014,Kavita,IT,Manager,KPI005,Customer Satisfaction,10,95,95,108.3,108.3,11.4,Met,107.76,Completed
Jul-Aug 2026,EMP014,Kavita,IT,Manager,KPI006,Error Rate,10,5,5,4.59,108.9,12,Met,107.76,Completed
Jul-Aug 2026,EMP014,Kavita,IT,Manager,KPI007,Timeliness,10,85,85,97.7,97.7,11.49,Met,107.76,Completed
Jul-Aug 2026,EMP014,Kavita,IT,Manager,KPI008,Process Compliance,10,85,85,87.2,87.2,10.26,Met,107.76,Completed
Jul-Aug 2026,EMP014,Kavita,IT,Manager,KPI009,Training Completion,5,100,90,94.9,94.9,5.27,Met,107.76,Completed
Jul-Aug 2026,EMP014,Kavita,IT,Manager,KPI010,Documentation Accuracy,5,90,90,99.1,99.1,5.51,Met,107.76,Completed
Jul-Aug 2026,EMP015,Manoj,Finance,Executive,KPI001,Productivity,15,90,90,99.7,99.7,16.62,Met,109.82,Completed
Jul-Aug 2026,EMP015,Manoj,Finance,Executive,KPI002,Quality Score,15,85,85,95.5,95.5,16.85,Met,109.82,Completed
Jul-Aug 2026,EMP015,Manoj,Finance,Executive,KPI003,Attendance,10,26,85,25.8,99.1,11.66,Met,109.82,Completed
Jul-Aug 2026,EMP015,Manoj,Finance,Executive,KPI004,SLA Compliance,10,100,95,105.6,105.6,11.12,Met,109.82,Completed
Jul-Aug 2026,EMP015,Manoj,Finance,Executive,KPI005,Customer Satisfaction,10,95,95,97.2,97.2,10.23,Met,109.82,Completed
Jul-Aug 2026,EMP015,Manoj,Finance,Executive,KPI006,Error Rate,10,3,3,2.63,114.1,12,Met,109.82,Completed
Jul-Aug 2026,EMP015,Manoj,Finance,Executive,KPI007,Timeliness,10,90,90,97.4,97.4,10.82,Met,109.82,Completed
Jul-Aug 2026,EMP015,Manoj,Finance,Executive,KPI008,Process Compliance,10,90,90,98.9,98.9,10.99,Met,109.82,Completed
Jul-Aug 2026,EMP015,Manoj,Finance,Executive,KPI009,Training Completion,5,100,90,80.8,80.8,4.49,Partially Met,109.82,Completed
Jul-Aug 2026,EMP015,Manoj,Finance,Executive,KPI010,Documentation Accuracy,5,85,85,85.7,85.7,5.04,Met,109.82,Completed
Jul-Aug 2026,EMP016,Ritu,Quality Assurance,Senior Executive,KPI001,Productivity,15,90,90,86.4,86.4,14.4,Partially Met,105.97,Completed
Jul-Aug 2026,EMP016,Ritu,Quality Assurance,Senior Executive,KPI002,Quality Score,15,90,90,89.5,89.5,14.92,Partially Met,105.97,Completed
Jul-Aug 2026,EMP016,Ritu,Quality Assurance,Senior Executive,KPI003,Attendance,10,26,90,24.3,93.4,10.38,Met,105.97,Completed
Jul-Aug 2026,EMP016,Ritu,Quality Assurance,Senior Executive,KPI004,SLA Compliance,10,100,95,101.3,101.3,10.66,Met,105.97,Completed
Jul-Aug 2026,EMP016,Ritu,Quality Assurance,Senior Executive,KPI005,Customer Satisfaction,10,90,90,95.7,95.7,10.63,Met,105.97,Completed
Jul-Aug 2026,EMP016,Ritu,Quality Assurance,Senior Executive,KPI006,Error Rate,10,3,3,3.17,94.6,12,Met,105.97,Completed
Jul-Aug 2026,EMP016,Ritu,Quality Assurance,Senior Executive,KPI007,Timeliness,10,85,85,94.2,94.2,11.08,Met,105.97,Completed
Jul-Aug 2026,EMP016,Ritu,Quality Assurance,Senior Executive,KPI008,Process Compliance,10,95,95,108,108,11.37,Met,105.97,Completed
Jul-Aug 2026,EMP016,Ritu,Quality Assurance,Senior Executive,KPI009,Training Completion,5,100,90,95.7,95.7,5.32,Met,105.97,Completed
Jul-Aug 2026,EMP016,Ritu,Quality Assurance,Senior Executive,KPI010,Documentation Accuracy,5,95,95,98.9,98.9,5.21,Met,105.97,Completed
Jul-Aug 2026,EMP017,Suresh,Sales,Assistant Manager,KPI001,Productivity,15,90,90,79,79,13.17,Partially Met,95.51,Completed
Jul-Aug 2026,EMP017,Suresh,Sales,Assistant Manager,KPI002,Quality Score,15,85,85,82,82,14.47,Partially Met,95.51,Completed
Jul-Aug 2026,EMP017,Suresh,Sales,Assistant Manager,KPI003,Attendance,10,26,95,24.2,93.2,9.81,Partially Met,95.51,Completed
Jul-Aug 2026,EMP017,Suresh,Sales,Assistant Manager,KPI004,SLA Compliance,10,100,85,87.5,87.5,10.29,Met,95.51,Completed
Jul-Aug 2026,EMP017,Suresh,Sales,Assistant Manager,KPI005,Customer Satisfaction,10,85,85,73.9,73.9,8.69,Partially Met,95.51,Completed
Jul-Aug 2026,EMP017,Suresh,Sales,Assistant Manager,KPI006,Error Rate,10,3,3,3.27,91.7,12,Met,95.51,Completed
Jul-Aug 2026,EMP017,Suresh,Sales,Assistant Manager,KPI007,Timeliness,10,85,85,77.5,77.5,9.12,Partially Met,95.51,Completed
Jul-Aug 2026,EMP017,Suresh,Sales,Assistant Manager,KPI008,Process Compliance,10,85,85,73.2,73.2,8.61,Partially Met,95.51,Completed
Jul-Aug 2026,EMP017,Suresh,Sales,Assistant Manager,KPI009,Training Completion,5,100,95,80,80,4.21,Partially Met,95.51,Completed
Jul-Aug 2026,EMP017,Suresh,Sales,Assistant Manager,KPI010,Documentation Accuracy,5,90,90,92.5,92.5,5.14,Met,95.51,Completed
Jul-Aug 2026,EMP018,Meera,Finance,Team Lead,KPI001,Productivity,15,85,85,77.2,77.2,13.62,Partially Met,100.19,Completed
Jul-Aug 2026,EMP018,Meera,Finance,Team Lead,KPI002,Quality Score,15,90,90,90.9,90.9,15.15,Met,100.19,Completed
Jul-Aug 2026,EMP018,Meera,Finance,Team Lead,KPI003,Attendance,10,26,85,21.8,83.9,9.87,Partially Met,100.19,Completed
Jul-Aug 2026,EMP018,Meera,Finance,Team Lead,KPI004,SLA Compliance,10,100,85,79.7,79.7,9.38,Partially Met,100.19,Completed
Jul-Aug 2026,EMP018,Meera,Finance,Team Lead,KPI005,Customer Satisfaction,10,85,85,81.1,81.1,9.54,Partially Met,100.19,Completed
Jul-Aug 2026,EMP018,Meera,Finance,Team Lead,KPI006,Error Rate,10,3,3,3.25,92.3,12,Met,100.19,Completed
Jul-Aug 2026,EMP018,Meera,Finance,Team Lead,KPI007,Timeliness,10,85,85,91.9,91.9,10.81,Met,100.19,Completed
Jul-Aug 2026,EMP018,Meera,Finance,Team Lead,KPI008,Process Compliance,10,95,95,101.5,101.5,10.68,Met,100.19,Completed
Jul-Aug 2026,EMP018,Meera,Finance,Team Lead,KPI009,Training Completion,5,100,90,88.6,88.6,4.92,Partially Met,100.19,Completed
Jul-Aug 2026,EMP018,Meera,Finance,Team Lead,KPI010,Documentation Accuracy,5,95,95,80.1,80.1,4.22,Partially Met,100.19,Completed
Jul-Aug 2026,EMP019,Ajay,Customer Support,Senior Executive,KPI001,Productivity,15,90,90,75.8,75.8,12.63,Partially Met,95.57,Completed
Jul-Aug 2026,EMP019,Ajay,Customer Support,Senior Executive,KPI002,Quality Score,15,95,95,92.7,92.7,14.64,Partially Met,95.57,Completed
Jul-Aug 2026,EMP019,Ajay,Customer Support,Senior Executive,KPI003,Attendance,10,26,85,19.7,75.6,8.89,Partially Met,95.57,Completed
Jul-Aug 2026,EMP019,Ajay,Customer Support,Senior Executive,KPI004,SLA Compliance,10,100,90,90.5,90.5,10.06,Met,95.57,Completed
Jul-Aug 2026,EMP019,Ajay,Customer Support,Senior Executive,KPI005,Customer Satisfaction,10,85,85,78.8,78.8,9.27,Partially Met,95.57,Completed
Jul-Aug 2026,EMP019,Ajay,Customer Support,Senior Executive,KPI006,Error Rate,10,3,3,3.83,78.3,12,Met,95.57,Completed
Jul-Aug 2026,EMP019,Ajay,Customer Support,Senior Executive,KPI007,Timeliness,10,90,90,81.8,81.8,9.09,Partially Met,95.57,Completed
Jul-Aug 2026,EMP019,Ajay,Customer Support,Senior Executive,KPI008,Process Compliance,10,85,85,79,79,9.29,Partially Met,95.57,Completed
Jul-Aug 2026,EMP019,Ajay,Customer Support,Senior Executive,KPI009,Training Completion,5,100,85,78.3,78.3,4.61,Partially Met,95.57,Completed
Jul-Aug 2026,EMP019,Ajay,Customer Support,Senior Executive,KPI010,Documentation Accuracy,5,90,90,91.7,91.7,5.09,Met,95.57,Completed
Jul-Aug 2026,EMP020,Simran,Quality Assurance,Team Lead,KPI001,Productivity,15,95,95,101.2,101.2,15.98,Met,107.48,Completed
Jul-Aug 2026,EMP020,Simran,Quality Assurance,Team Lead,KPI002,Quality Score,15,95,95,103.5,103.5,16.34,Met,107.48,Completed
Jul-Aug 2026,EMP020,Simran,Quality Assurance,Team Lead,KPI003,Attendance,10,26,85,23.7,91,10.71,Met,107.48,Completed
Jul-Aug 2026,EMP020,Simran,Quality Assurance,Team Lead,KPI004,SLA Compliance,10,100,95,96.9,96.9,10.2,Met,107.48,Completed
Jul-Aug 2026,EMP020,Simran,Quality Assurance,Team Lead,KPI005,Customer Satisfaction,10,85,85,93.4,93.4,10.99,Met,107.48,Completed
Jul-Aug 2026,EMP020,Simran,Quality Assurance,Team Lead,KPI006,Error Rate,10,3,3,2.92,102.7,12,Met,107.48,Completed
Jul-Aug 2026,EMP020,Simran,Quality Assurance,Team Lead,KPI007,Timeliness,10,95,95,100.6,100.6,10.59,Met,107.48,Completed
Jul-Aug 2026,EMP020,Simran,Quality Assurance,Team Lead,KPI008,Process Compliance,10,95,95,96.4,96.4,10.15,Met,107.48,Completed
Jul-Aug 2026,EMP020,Simran,Quality Assurance,Team Lead,KPI009,Training Completion,5,100,90,86,86,4.78,Partially Met,107.48,Completed
Jul-Aug 2026,EMP020,Simran,Quality Assurance,Team Lead,KPI010,Documentation Accuracy,5,95,95,109.1,109.1,5.74,Met,107.48,Completed
Jul-Aug 2026,EMP021,Vivek,Operations,Executive,KPI001,Productivity,15,85,85,75.8,75.8,13.38,Partially Met,94.4,Completed
Jul-Aug 2026,EMP021,Vivek,Operations,Executive,KPI002,Quality Score,15,85,85,78.8,78.8,13.91,Partially Met,94.4,Completed
Jul-Aug 2026,EMP021,Vivek,Operations,Executive,KPI003,Attendance,10,26,90,22.4,86.1,9.57,Partially Met,94.4,Completed
Jul-Aug 2026,EMP021,Vivek,Operations,Executive,KPI004,SLA Compliance,10,100,90,86,86,9.56,Partially Met,94.4,Completed
Jul-Aug 2026,EMP021,Vivek,Operations,Executive,KPI005,Customer Satisfaction,10,95,95,80.7,80.7,8.49,Partially Met,94.4,Completed
Jul-Aug 2026,EMP021,Vivek,Operations,Executive,KPI006,Error Rate,10,3,3,3.07,97.7,12,Met,94.4,Completed
Jul-Aug 2026,EMP021,Vivek,Operations,Executive,KPI007,Timeliness,10,90,90,75.5,75.5,8.39,Partially Met,94.4,Completed
Jul-Aug 2026,EMP021,Vivek,Operations,Executive,KPI008,Process Compliance,10,85,85,81.2,81.2,9.55,Partially Met,94.4,Completed
Jul-Aug 2026,EMP021,Vivek,Operations,Executive,KPI009,Training Completion,5,100,85,78.9,78.9,4.64,Partially Met,94.4,Completed
Jul-Aug 2026,EMP021,Vivek,Operations,Executive,KPI010,Documentation Accuracy,5,95,95,93.3,93.3,4.91,Partially Met,94.4,Completed
Jul-Aug 2026,EMP022,Nisha,IT,Executive,KPI001,Productivity,15,85,85,82.7,82.7,14.59,Partially Met,108.7,Completed
Jul-Aug 2026,EMP022,Nisha,IT,Executive,KPI002,Quality Score,15,95,95,105.8,105.8,16.71,Met,108.7,Completed
Jul-Aug 2026,EMP022,Nisha,IT,Executive,KPI003,Attendance,10,26,95,26,100,10.53,Met,108.7,Completed
Jul-Aug 2026,EMP022,Nisha,IT,Executive,KPI004,SLA Compliance,10,100,95,107.7,107.7,11.34,Met,108.7,Completed
Jul-Aug 2026,EMP022,Nisha,IT,Executive,KPI005,Customer Satisfaction,10,90,90,94,94,10.44,Met,108.7,Completed
Jul-Aug 2026,EMP022,Nisha,IT,Executive,KPI006,Error Rate,10,5,5,4.7,106.4,12,Met,108.7,Completed
Jul-Aug 2026,EMP022,Nisha,IT,Executive,KPI007,Timeliness,10,90,90,99.2,99.2,11.02,Met,108.7,Completed
Jul-Aug 2026,EMP022,Nisha,IT,Executive,KPI008,Process Compliance,10,95,95,104.3,104.3,10.98,Met,108.7,Completed
Jul-Aug 2026,EMP022,Nisha,IT,Executive,KPI009,Training Completion,5,100,85,93.7,93.7,5.51,Met,108.7,Completed
Jul-Aug 2026,EMP022,Nisha,IT,Executive,KPI010,Documentation Accuracy,5,90,90,100.5,100.5,5.58,Met,108.7,Completed
Jul-Aug 2026,EMP023,Deepak,Finance,Team Lead,KPI001,Productivity,15,85,85,84,84,14.82,Partially Met,105.63,Completed
Jul-Aug 2026,EMP023,Deepak,Finance,Team Lead,KPI002,Quality Score,15,85,85,86.5,86.5,15.26,Met,105.63,Completed
Jul-Aug 2026,EMP023,Deepak,Finance,Team Lead,KPI003,Attendance,10,26,90,26,100,11.11,Met,105.63,Completed
Jul-Aug 2026,EMP023,Deepak,Finance,Team Lead,KPI004,SLA Compliance,10,100,85,88.9,88.9,10.46,Met,105.63,Completed
Jul-Aug 2026,EMP023,Deepak,Finance,Team Lead,KPI005,Customer Satisfaction,10,85,85,91.1,91.1,10.72,Met,105.63,Completed
Jul-Aug 2026,EMP023,Deepak,Finance,Team Lead,KPI006,Error Rate,10,3,3,2.82,106.4,12,Met,105.63,Completed
Jul-Aug 2026,EMP023,Deepak,Finance,Team Lead,KPI007,Timeliness,10,95,95,98.5,98.5,10.37,Met,105.63,Completed
Jul-Aug 2026,EMP023,Deepak,Finance,Team Lead,KPI008,Process Compliance,10,95,95,101.7,101.7,10.71,Met,105.63,Completed
Jul-Aug 2026,EMP023,Deepak,Finance,Team Lead,KPI009,Training Completion,5,100,85,87.1,87.1,5.12,Met,105.63,Completed
Jul-Aug 2026,EMP023,Deepak,Finance,Team Lead,KPI010,Documentation Accuracy,5,85,85,86,86,5.06,Met,105.63,Completed
Jul-Aug 2026,EMP024,Anita,HR,Team Lead,KPI001,Productivity,15,85,85,75.4,75.4,13.31,Partially Met,96.13,Completed
Jul-Aug 2026,EMP024,Anita,HR,Team Lead,KPI002,Quality Score,15,95,95,100.4,100.4,15.85,Met,96.13,Completed
Jul-Aug 2026,EMP024,Anita,HR,Team Lead,KPI003,Attendance,10,26,85,20.8,79.9,9.4,Partially Met,96.13,Completed
Jul-Aug 2026,EMP024,Anita,HR,Team Lead,KPI004,SLA Compliance,10,100,85,77.2,77.2,9.08,Partially Met,96.13,Completed
Jul-Aug 2026,EMP024,Anita,HR,Team Lead,KPI005,Customer Satisfaction,10,90,90,84.5,84.5,9.39,Partially Met,96.13,Completed
Jul-Aug 2026,EMP024,Anita,HR,Team Lead,KPI006,Error Rate,10,5,5,4.78,104.6,12,Met,96.13,Completed
Jul-Aug 2026,EMP024,Anita,HR,Team Lead,KPI007,Timeliness,10,90,90,80.5,80.5,8.94,Partially Met,96.13,Completed
Jul-Aug 2026,EMP024,Anita,HR,Team Lead,KPI008,Process Compliance,10,95,95,81.4,81.4,8.57,Partially Met,96.13,Completed
Jul-Aug 2026,EMP024,Anita,HR,Team Lead,KPI009,Training Completion,5,100,90,96.4,96.4,5.36,Met,96.13,Completed
Jul-Aug 2026,EMP024,Anita,HR,Team Lead,KPI010,Documentation Accuracy,5,85,85,71.9,71.9,4.23,Partially Met,96.13,Completed
Jul-Aug 2026,EMP025,Ramesh,Quality Assurance,Executive,KPI001,Productivity,15,85,85,72.9,72.9,12.86,Partially Met,98.24,Completed
Jul-Aug 2026,EMP025,Ramesh,Quality Assurance,Executive,KPI002,Quality Score,15,90,90,97,97,16.17,Met,98.24,Completed
Jul-Aug 2026,EMP025,Ramesh,Quality Assurance,Executive,KPI003,Attendance,10,26,90,20.2,77.7,8.63,Partially Met,98.24,Completed
Jul-Aug 2026,EMP025,Ramesh,Quality Assurance,Executive,KPI004,SLA Compliance,10,100,85,81.9,81.9,9.64,Partially Met,98.24,Completed
Jul-Aug 2026,EMP025,Ramesh,Quality Assurance,Executive,KPI005,Customer Satisfaction,10,90,90,87.4,87.4,9.71,Partially Met,98.24,Completed
Jul-Aug 2026,EMP025,Ramesh,Quality Assurance,Executive,KPI006,Error Rate,10,7,7,6.81,102.8,12,Met,98.24,Completed
Jul-Aug 2026,EMP025,Ramesh,Quality Assurance,Executive,KPI007,Timeliness,10,85,85,80.1,80.1,9.42,Partially Met,98.24,Completed
Jul-Aug 2026,EMP025,Ramesh,Quality Assurance,Executive,KPI008,Process Compliance,10,95,95,98.5,98.5,10.37,Met,98.24,Completed
Jul-Aug 2026,EMP025,Ramesh,Quality Assurance,Executive,KPI009,Training Completion,5,100,95,89.5,89.5,4.71,Partially Met,98.24,Completed
Jul-Aug 2026,EMP025,Ramesh,Quality Assurance,Executive,KPI010,Documentation Accuracy,5,90,90,85.2,85.2,4.73,Partially Met,98.24,Completed
Jul-Aug 2026,EMP026,Shalini,Sales,Assistant Manager,KPI001,Productivity,15,85,85,90.5,90.5,15.97,Met,99.7,Completed
Jul-Aug 2026,EMP026,Shalini,Sales,Assistant Manager,KPI002,Quality Score,15,95,95,91.7,91.7,14.48,Partially Met,99.7,Completed
Jul-Aug 2026,EMP026,Shalini,Sales,Assistant Manager,KPI003,Attendance,10,26,85,23.5,90.2,10.61,Met,99.7,Completed
Jul-Aug 2026,EMP026,Shalini,Sales,Assistant Manager,KPI004,SLA Compliance,10,100,90,89.3,89.3,9.92,Partially Met,99.7,Completed
Jul-Aug 2026,EMP026,Shalini,Sales,Assistant Manager,KPI005,Customer Satisfaction,10,90,90,77,77,8.56,Partially Met,99.7,Completed
Jul-Aug 2026,EMP026,Shalini,Sales,Assistant Manager,KPI006,Error Rate,10,3,3,3.02,99.3,12,Met,99.7,Completed
Jul-Aug 2026,EMP026,Shalini,Sales,Assistant Manager,KPI007,Timeliness,10,90,90,80.2,80.2,8.91,Partially Met,99.7,Completed
Jul-Aug 2026,EMP026,Shalini,Sales,Assistant Manager,KPI008,Process Compliance,10,90,90,79.6,79.6,8.84,Partially Met,99.7,Completed
Jul-Aug 2026,EMP026,Shalini,Sales,Assistant Manager,KPI009,Training Completion,5,100,85,87.1,87.1,5.12,Met,99.7,Completed
Jul-Aug 2026,EMP026,Shalini,Sales,Assistant Manager,KPI010,Documentation Accuracy,5,95,95,100.5,100.5,5.29,Met,99.7,Completed
Jul-Aug 2026,EMP027,Nikhil,HR,Executive,KPI001,Productivity,15,95,95,101.9,101.9,16.09,Met,109.96,Completed
Jul-Aug 2026,EMP027,Nikhil,HR,Executive,KPI002,Quality Score,15,90,90,104.6,104.6,17.43,Met,109.96,Completed
Jul-Aug 2026,EMP027,Nikhil,HR,Executive,KPI003,Attendance,10,26,95,26,100,10.53,Met,109.96,Completed
Jul-Aug 2026,EMP027,Nikhil,HR,Executive,KPI004,SLA Compliance,10,100,90,95.7,95.7,10.63,Met,109.96,Completed
Jul-Aug 2026,EMP027,Nikhil,HR,Executive,KPI005,Customer Satisfaction,10,85,85,87.7,87.7,10.32,Met,109.96,Completed
Jul-Aug 2026,EMP027,Nikhil,HR,Executive,KPI006,Error Rate,10,7,7,7.47,93.7,12,Met,109.96,Completed
Jul-Aug 2026,EMP027,Nikhil,HR,Executive,KPI007,Timeliness,10,95,95,103.5,103.5,10.89,Met,109.96,Completed
Jul-Aug 2026,EMP027,Nikhil,HR,Executive,KPI008,Process Compliance,10,95,95,106.5,106.5,11.21,Met,109.96,Completed
Jul-Aug 2026,EMP027,Nikhil,HR,Executive,KPI009,Training Completion,5,100,95,101.8,101.8,5.36,Met,109.96,Completed
Jul-Aug 2026,EMP027,Nikhil,HR,Executive,KPI010,Documentation Accuracy,5,90,90,99,99,5.5,Met,109.96,Completed
Jul-Aug 2026,EMP028,Swati,IT,Executive,KPI001,Productivity,15,90,90,95.6,95.6,15.93,Met,102.73,Completed
Jul-Aug 2026,EMP028,Swati,IT,Executive,KPI002,Quality Score,15,95,95,98.7,98.7,15.58,Met,102.73,Completed
Jul-Aug 2026,EMP028,Swati,IT,Executive,KPI003,Attendance,10,26,95,23.9,91.9,9.67,Partially Met,102.73,Completed
Jul-Aug 2026,EMP028,Swati,IT,Executive,KPI004,SLA Compliance,10,100,85,78,78,9.18,Partially Met,102.73,Completed
Jul-Aug 2026,EMP028,Swati,IT,Executive,KPI005,Customer Satisfaction,10,90,90,91,91,10.11,Met,102.73,Completed
Jul-Aug 2026,EMP028,Swati,IT,Executive,KPI006,Error Rate,10,5,5,5.21,96,12,Met,102.73,Completed
Jul-Aug 2026,EMP028,Swati,IT,Executive,KPI007,Timeliness,10,95,95,102.9,102.9,10.83,Met,102.73,Completed
Jul-Aug 2026,EMP028,Swati,IT,Executive,KPI008,Process Compliance,10,85,85,82.1,82.1,9.66,Partially Met,102.73,Completed
Jul-Aug 2026,EMP028,Swati,IT,Executive,KPI009,Training Completion,5,100,90,85.4,85.4,4.74,Partially Met,102.73,Completed
Jul-Aug 2026,EMP028,Swati,IT,Executive,KPI010,Documentation Accuracy,5,85,85,85.5,85.5,5.03,Met,102.73,Completed
Jul-Aug 2026,EMP029,Gaurav,HR,Team Lead,KPI001,Productivity,15,90,90,75.9,75.9,12.65,Partially Met,98.33,Completed
Jul-Aug 2026,EMP029,Gaurav,HR,Team Lead,KPI002,Quality Score,15,90,90,93.1,93.1,15.52,Met,98.33,Completed
Jul-Aug 2026,EMP029,Gaurav,HR,Team Lead,KPI003,Attendance,10,26,95,20.3,78.2,8.23,Partially Met,98.33,Completed
Jul-Aug 2026,EMP029,Gaurav,HR,Team Lead,KPI004,SLA Compliance,10,100,95,96.3,96.3,10.14,Met,98.33,Completed
Jul-Aug 2026,EMP029,Gaurav,HR,Team Lead,KPI005,Customer Satisfaction,10,85,85,94.7,94.7,11.14,Met,98.33,Completed
Jul-Aug 2026,EMP029,Gaurav,HR,Team Lead,KPI006,Error Rate,10,7,7,6.81,102.8,12,Met,98.33,Completed
Jul-Aug 2026,EMP029,Gaurav,HR,Team Lead,KPI007,Timeliness,10,90,90,79.8,79.8,8.87,Partially Met,98.33,Completed
Jul-Aug 2026,EMP029,Gaurav,HR,Team Lead,KPI008,Process Compliance,10,85,85,84.1,84.1,9.89,Partially Met,98.33,Completed
Jul-Aug 2026,EMP029,Gaurav,HR,Team Lead,KPI009,Training Completion,5,100,95,90.5,90.5,4.76,Partially Met,98.33,Completed
Jul-Aug 2026,EMP029,Gaurav,HR,Team Lead,KPI010,Documentation Accuracy,5,90,90,92.3,92.3,5.13,Met,98.33,Completed
Jul-Aug 2026,EMP030,Preeti,Quality Assurance,Manager,KPI001,Productivity,15,85,85,87.8,87.8,15.49,Met,107.07,Completed
Jul-Aug 2026,EMP030,Preeti,Quality Assurance,Manager,KPI002,Quality Score,15,85,85,86.7,86.7,15.3,Met,107.07,Completed
Jul-Aug 2026,EMP030,Preeti,Quality Assurance,Manager,KPI003,Attendance,10,26,90,23.1,88.9,9.88,Partially Met,107.07,Completed
Jul-Aug 2026,EMP030,Preeti,Quality Assurance,Manager,KPI004,SLA Compliance,10,100,90,94.5,94.5,10.5,Met,107.07,Completed
Jul-Aug 2026,EMP030,Preeti,Quality Assurance,Manager,KPI005,Customer Satisfaction,10,85,85,98.5,98.5,11.59,Met,107.07,Completed
Jul-Aug 2026,EMP030,Preeti,Quality Assurance,Manager,KPI006,Error Rate,10,3,3,2.83,106,12,Met,107.07,Completed
Jul-Aug 2026,EMP030,Preeti,Quality Assurance,Manager,KPI007,Timeliness,10,90,90,97.7,97.7,10.86,Met,107.07,Completed
Jul-Aug 2026,EMP030,Preeti,Quality Assurance,Manager,KPI008,Process Compliance,10,95,95,106.4,106.4,11.2,Met,107.07,Completed
Jul-Aug 2026,EMP030,Preeti,Quality Assurance,Manager,KPI009,Training Completion,5,100,90,93.7,93.7,5.21,Met,107.07,Completed
Jul-Aug 2026,EMP030,Preeti,Quality Assurance,Manager,KPI010,Documentation Accuracy,5,85,85,85.6,85.6,5.04,Met,107.07,Completed
Jul-Aug 2026,EMP031,Rajesh,Quality Assurance,Team Lead,KPI001,Productivity,15,90,90,86.6,86.6,14.43,Partially Met,100.26,Completed
Jul-Aug 2026,EMP031,Rajesh,Quality Assurance,Team Lead,KPI002,Quality Score,15,95,95,90.5,90.5,14.29,Partially Met,100.26,Completed
Jul-Aug 2026,EMP031,Rajesh,Quality Assurance,Team Lead,KPI003,Attendance,10,26,95,23.4,90,9.47,Partially Met,100.26,Completed
Jul-Aug 2026,EMP031,Rajesh,Quality Assurance,Team Lead,KPI004,SLA Compliance,10,100,95,90.6,90.6,9.54,Partially Met,100.26,Completed
Jul-Aug 2026,EMP031,Rajesh,Quality Assurance,Team Lead,KPI005,Customer Satisfaction,10,90,90,95.9,95.9,10.66,Met,100.26,Completed
Jul-Aug 2026,EMP031,Rajesh,Quality Assurance,Team Lead,KPI006,Error Rate,10,5,5,5.16,96.9,12,Met,100.26,Completed
Jul-Aug 2026,EMP031,Rajesh,Quality Assurance,Team Lead,KPI007,Timeliness,10,95,95,95.9,95.9,10.09,Met,100.26,Completed
Jul-Aug 2026,EMP031,Rajesh,Quality Assurance,Team Lead,KPI008,Process Compliance,10,95,95,83.7,83.7,8.81,Partially Met,100.26,Completed
Jul-Aug 2026,EMP031,Rajesh,Quality Assurance,Team Lead,KPI009,Training Completion,5,100,95,110.7,110.7,5.83,Met,100.26,Completed
Jul-Aug 2026,EMP031,Rajesh,Quality Assurance,Team Lead,KPI010,Documentation Accuracy,5,85,85,87.4,87.4,5.14,Met,100.26,Completed
Jul-Aug 2026,EMP032,Komal,HR,Senior Executive,KPI001,Productivity,15,90,90,102.3,102.3,17.05,Met,106.47,Completed
Jul-Aug 2026,EMP032,Komal,HR,Senior Executive,KPI002,Quality Score,15,95,95,89,89,14.05,Partially Met,106.47,Completed
Jul-Aug 2026,EMP032,Komal,HR,Senior Executive,KPI003,Attendance,10,26,85,22.6,86.8,10.21,Met,106.47,Completed
Jul-Aug 2026,EMP032,Komal,HR,Senior Executive,KPI004,SLA Compliance,10,100,95,103.4,103.4,10.88,Met,106.47,Completed
Jul-Aug 2026,EMP032,Komal,HR,Senior Executive,KPI005,Customer Satisfaction,10,85,85,83.5,83.5,9.82,Partially Met,106.47,Completed
Jul-Aug 2026,EMP032,Komal,HR,Senior Executive,KPI006,Error Rate,10,3,3,2.85,105.3,12,Met,106.47,Completed
Jul-Aug 2026,EMP032,Komal,HR,Senior Executive,KPI007,Timeliness,10,85,85,94.6,94.6,11.13,Met,106.47,Completed
Jul-Aug 2026,EMP032,Komal,HR,Senior Executive,KPI008,Process Compliance,10,85,85,92.9,92.9,10.93,Met,106.47,Completed
Jul-Aug 2026,EMP032,Komal,HR,Senior Executive,KPI009,Training Completion,5,100,90,95.7,95.7,5.32,Met,106.47,Completed
Jul-Aug 2026,EMP032,Komal,HR,Senior Executive,KPI010,Documentation Accuracy,5,90,90,91.5,91.5,5.08,Met,106.47,Completed
Jul-Aug 2026,EMP033,Harish,Sales,Executive,KPI001,Productivity,15,95,95,98.6,98.6,15.57,Met,106.45,Completed
Jul-Aug 2026,EMP033,Harish,Sales,Executive,KPI002,Quality Score,15,95,95,108.2,108.2,17.08,Met,106.45,Completed
Jul-Aug 2026,EMP033,Harish,Sales,Executive,KPI003,Attendance,10,26,90,23.8,91.5,10.17,Met,106.45,Completed
Jul-Aug 2026,EMP033,Harish,Sales,Executive,KPI004,SLA Compliance,10,100,90,89.2,89.2,9.91,Partially Met,106.45,Completed
Jul-Aug 2026,EMP033,Harish,Sales,Executive,KPI005,Customer Satisfaction,10,90,90,95.3,95.3,10.59,Met,106.45,Completed
Jul-Aug 2026,EMP033,Harish,Sales,Executive,KPI006,Error Rate,10,5,5,4.29,116.6,12,Met,106.45,Completed
Jul-Aug 2026,EMP033,Harish,Sales,Executive,KPI007,Timeliness,10,85,85,87.5,87.5,10.29,Met,106.45,Completed
Jul-Aug 2026,EMP033,Harish,Sales,Executive,KPI008,Process Compliance,10,90,90,89.7,89.7,9.97,Partially Met,106.45,Completed
Jul-Aug 2026,EMP033,Harish,Sales,Executive,KPI009,Training Completion,5,100,95,101.5,101.5,5.34,Met,106.45,Completed
Jul-Aug 2026,EMP033,Harish,Sales,Executive,KPI010,Documentation Accuracy,5,95,95,105,105,5.53,Met,106.45,Completed
Jul-Aug 2026,EMP034,Payal,Operations,Senior Executive,KPI001,Productivity,15,95,95,72.4,72.4,11.43,Not Met,86.87,Completed
Jul-Aug 2026,EMP034,Payal,Operations,Senior Executive,KPI002,Quality Score,15,90,90,80.6,80.6,13.43,Partially Met,86.87,Completed
Jul-Aug 2026,EMP034,Payal,Operations,Senior Executive,KPI003,Attendance,10,26,95,21.7,83.3,8.77,Partially Met,86.87,Completed
Jul-Aug 2026,EMP034,Payal,Operations,Senior Executive,KPI004,SLA Compliance,10,100,95,85.8,85.8,9.03,Partially Met,86.87,Completed
Jul-Aug 2026,EMP034,Payal,Operations,Senior Executive,KPI005,Customer Satisfaction,10,90,90,82.2,82.2,9.13,Partially Met,86.87,Completed
Jul-Aug 2026,EMP034,Payal,Operations,Senior Executive,KPI006,Error Rate,10,5,5,5.52,90.6,12,Met,86.87,Completed
Jul-Aug 2026,EMP034,Payal,Operations,Senior Executive,KPI007,Timeliness,10,90,90,66.9,66.9,7.43,Not Met,86.87,Completed
Jul-Aug 2026,EMP034,Payal,Operations,Senior Executive,KPI008,Process Compliance,10,85,85,54.4,54.4,6.4,Not Met,86.87,Completed
Jul-Aug 2026,EMP034,Payal,Operations,Senior Executive,KPI009,Training Completion,5,100,85,85.4,85.4,5.02,Met,86.87,Completed
Jul-Aug 2026,EMP034,Payal,Operations,Senior Executive,KPI010,Documentation Accuracy,5,90,90,76.2,76.2,4.23,Partially Met,86.87,Completed
Jul-Aug 2026,EMP035,Sandeep,Quality Assurance,Team Lead,KPI001,Productivity,15,90,90,63.5,63.5,10.58,Not Met,85.25,Completed
Jul-Aug 2026,EMP035,Sandeep,Quality Assurance,Team Lead,KPI002,Quality Score,15,85,85,72,72,12.71,Partially Met,85.25,Completed
Jul-Aug 2026,EMP035,Sandeep,Quality Assurance,Team Lead,KPI003,Attendance,10,26,95,16,61.5,6.47,Not Met,85.25,Completed
Jul-Aug 2026,EMP035,Sandeep,Quality Assurance,Team Lead,KPI004,SLA Compliance,10,100,90,85,85,9.44,Partially Met,85.25,Completed
Jul-Aug 2026,EMP035,Sandeep,Quality Assurance,Team Lead,KPI005,Customer Satisfaction,10,85,85,78.3,78.3,9.21,Partially Met,85.25,Completed
Jul-Aug 2026,EMP035,Sandeep,Quality Assurance,Team Lead,KPI006,Error Rate,10,3,3,3.37,89,12,Met,85.25,Completed
Jul-Aug 2026,EMP035,Sandeep,Quality Assurance,Team Lead,KPI007,Timeliness,10,95,95,88.4,88.4,9.31,Partially Met,85.25,Completed
Jul-Aug 2026,EMP035,Sandeep,Quality Assurance,Team Lead,KPI008,Process Compliance,10,95,95,85.2,85.2,8.97,Partially Met,85.25,Completed
Jul-Aug 2026,EMP035,Sandeep,Quality Assurance,Team Lead,KPI009,Training Completion,5,100,95,54.4,54.4,2.86,Not Met,85.25,Completed
Jul-Aug 2026,EMP035,Sandeep,Quality Assurance,Team Lead,KPI010,Documentation Accuracy,5,90,90,66.6,66.6,3.7,Not Met,85.25,Completed
Jul-Aug 2026,EMP036,Yamini,Operations,Senior Executive,KPI001,Productivity,15,95,95,79.5,79.5,12.55,Partially Met,85.16,Completed
Jul-Aug 2026,EMP036,Yamini,Operations,Senior Executive,KPI002,Quality Score,15,95,95,78.7,78.7,12.43,Partially Met,85.16,Completed
Jul-Aug 2026,EMP036,Yamini,Operations,Senior Executive,KPI003,Attendance,10,26,95,20.7,79.6,8.38,Partially Met,85.16,Completed
Jul-Aug 2026,EMP036,Yamini,Operations,Senior Executive,KPI004,SLA Compliance,10,100,85,72.7,72.7,8.55,Partially Met,85.16,Completed
Jul-Aug 2026,EMP036,Yamini,Operations,Senior Executive,KPI005,Customer Satisfaction,10,95,95,72.3,72.3,7.61,Not Met,85.16,Completed
Jul-Aug 2026,EMP036,Yamini,Operations,Senior Executive,KPI006,Error Rate,10,5,5,6.19,80.8,12,Met,85.16,Completed
Jul-Aug 2026,EMP036,Yamini,Operations,Senior Executive,KPI007,Timeliness,10,95,95,81.6,81.6,8.59,Partially Met,85.16,Completed
Jul-Aug 2026,EMP036,Yamini,Operations,Senior Executive,KPI008,Process Compliance,10,95,95,73.9,73.9,7.78,Not Met,85.16,Completed
Jul-Aug 2026,EMP036,Yamini,Operations,Senior Executive,KPI009,Training Completion,5,100,90,53.9,53.9,2.99,Not Met,85.16,Completed
Jul-Aug 2026,EMP036,Yamini,Operations,Senior Executive,KPI010,Documentation Accuracy,5,85,85,72.8,72.8,4.28,Partially Met,85.16,Completed
Jul-Aug 2026,EMP037,Ashok,Quality Assurance,Executive,KPI001,Productivity,15,90,90,93.1,93.1,15.52,Met,99.01,Completed
Jul-Aug 2026,EMP037,Ashok,Quality Assurance,Executive,KPI002,Quality Score,15,95,95,87.5,87.5,13.82,Partially Met,99.01,Completed
Jul-Aug 2026,EMP037,Ashok,Quality Assurance,Executive,KPI003,Attendance,10,26,90,22.6,87.1,9.68,Partially Met,99.01,Completed
Jul-Aug 2026,EMP037,Ashok,Quality Assurance,Executive,KPI004,SLA Compliance,10,100,85,85.5,85.5,10.06,Met,99.01,Completed
Jul-Aug 2026,EMP037,Ashok,Quality Assurance,Executive,KPI005,Customer Satisfaction,10,95,95,103.5,103.5,10.89,Met,99.01,Completed
Jul-Aug 2026,EMP037,Ashok,Quality Assurance,Executive,KPI006,Error Rate,10,3,3,2.82,106.4,12,Met,99.01,Completed
Jul-Aug 2026,EMP037,Ashok,Quality Assurance,Executive,KPI007,Timeliness,10,85,85,84.8,84.8,9.98,Partially Met,99.01,Completed
Jul-Aug 2026,EMP037,Ashok,Quality Assurance,Executive,KPI008,Process Compliance,10,85,85,66.8,66.8,7.86,Not Met,99.01,Completed
Jul-Aug 2026,EMP037,Ashok,Quality Assurance,Executive,KPI009,Training Completion,5,100,95,75,75,3.95,Not Met,99.01,Completed
Jul-Aug 2026,EMP037,Ashok,Quality Assurance,Executive,KPI010,Documentation Accuracy,5,95,95,99.8,99.8,5.25,Met,99.01,Completed
Jul-Aug 2026,EMP038,Bhavna,IT,Team Lead,KPI001,Productivity,15,95,95,105.1,105.1,16.59,Met,110.17,Completed
Jul-Aug 2026,EMP038,Bhavna,IT,Team Lead,KPI002,Quality Score,15,95,95,105.9,105.9,16.72,Met,110.17,Completed
Jul-Aug 2026,EMP038,Bhavna,IT,Team Lead,KPI003,Attendance,10,26,95,26,100,10.53,Met,110.17,Completed
Jul-Aug 2026,EMP038,Bhavna,IT,Team Lead,KPI004,SLA Compliance,10,100,95,111.5,111.5,11.74,Met,110.17,Completed
Jul-Aug 2026,EMP038,Bhavna,IT,Team Lead,KPI005,Customer Satisfaction,10,95,95,98.4,98.4,10.36,Met,110.17,Completed
Jul-Aug 2026,EMP038,Bhavna,IT,Team Lead,KPI006,Error Rate,10,3,3,2.88,104.2,12,Met,110.17,Completed
Jul-Aug 2026,EMP038,Bhavna,IT,Team Lead,KPI007,Timeliness,10,85,85,93.6,93.6,11.01,Met,110.17,Completed
Jul-Aug 2026,EMP038,Bhavna,IT,Team Lead,KPI008,Process Compliance,10,90,90,91.5,91.5,10.17,Met,110.17,Completed
Jul-Aug 2026,EMP038,Bhavna,IT,Team Lead,KPI009,Training Completion,5,100,90,95.2,95.2,5.29,Met,110.17,Completed
Jul-Aug 2026,EMP038,Bhavna,IT,Team Lead,KPI010,Documentation Accuracy,5,90,90,103.7,103.7,5.76,Met,110.17,Completed
Jul-Aug 2026,EMP039,Naveen,IT,Team Lead,KPI001,Productivity,15,85,85,81.3,81.3,14.35,Partially Met,94.38,Completed
Jul-Aug 2026,EMP039,Naveen,IT,Team Lead,KPI002,Quality Score,15,95,95,84,84,13.26,Partially Met,94.38,Completed
Jul-Aug 2026,EMP039,Naveen,IT,Team Lead,KPI003,Attendance,10,26,85,20.6,79.1,9.31,Partially Met,94.38,Completed
Jul-Aug 2026,EMP039,Naveen,IT,Team Lead,KPI004,SLA Compliance,10,100,85,74.9,74.9,8.81,Partially Met,94.38,Completed
Jul-Aug 2026,EMP039,Naveen,IT,Team Lead,KPI005,Customer Satisfaction,10,85,85,65.4,65.4,7.69,Not Met,94.38,Completed
Jul-Aug 2026,EMP039,Naveen,IT,Team Lead,KPI006,Error Rate,10,3,3,3.07,97.7,12,Met,94.38,Completed
Jul-Aug 2026,EMP039,Naveen,IT,Team Lead,KPI007,Timeliness,10,90,90,85.7,85.7,9.52,Partially Met,94.38,Completed
Jul-Aug 2026,EMP039,Naveen,IT,Team Lead,KPI008,Process Compliance,10,90,90,84.6,84.6,9.4,Partially Met,94.38,Completed
Jul-Aug 2026,EMP039,Naveen,IT,Team Lead,KPI009,Training Completion,5,100,95,98.1,98.1,5.16,Met,94.38,Completed
Jul-Aug 2026,EMP039,Naveen,IT,Team Lead,KPI010,Documentation Accuracy,5,90,90,87.8,87.8,4.88,Partially Met,94.38,Completed
Jul-Aug 2026,EMP040,Rekha,Customer Support,Team Lead,KPI001,Productivity,15,90,90,78.1,78.1,13.02,Partially Met,97.26,Completed
Jul-Aug 2026,EMP040,Rekha,Customer Support,Team Lead,KPI002,Quality Score,15,95,95,85.7,85.7,13.53,Partially Met,97.26,Completed
Jul-Aug 2026,EMP040,Rekha,Customer Support,Team Lead,KPI003,Attendance,10,26,95,24.9,95.7,10.07,Met,97.26,Completed
Jul-Aug 2026,EMP040,Rekha,Customer Support,Team Lead,KPI004,SLA Compliance,10,100,90,76,76,8.44,Partially Met,97.26,Completed
Jul-Aug 2026,EMP040,Rekha,Customer Support,Team Lead,KPI005,Customer Satisfaction,10,85,85,85.9,85.9,10.11,Met,97.26,Completed
Jul-Aug 2026,EMP040,Rekha,Customer Support,Team Lead,KPI006,Error Rate,10,7,7,6.89,101.6,12,Met,97.26,Completed
Jul-Aug 2026,EMP040,Rekha,Customer Support,Team Lead,KPI007,Timeliness,10,85,85,82,82,9.65,Partially Met,97.26,Completed
Jul-Aug 2026,EMP040,Rekha,Customer Support,Team Lead,KPI008,Process Compliance,10,90,90,88.3,88.3,9.81,Partially Met,97.26,Completed
Jul-Aug 2026,EMP040,Rekha,Customer Support,Team Lead,KPI009,Training Completion,5,100,85,91.9,91.9,5.41,Met,97.26,Completed
Jul-Aug 2026,EMP040,Rekha,Customer Support,Team Lead,KPI010,Documentation Accuracy,5,90,90,94,94,5.22,Met,97.26,Completed
Jul-Aug 2026,EMP041,Vinay,Finance,Senior Executive,KPI001,Productivity,15,95,95,101.6,101.6,16.04,Met,107.88,Completed
Jul-Aug 2026,EMP041,Vinay,Finance,Senior Executive,KPI002,Quality Score,15,90,90,95.9,95.9,15.98,Met,107.88,Completed
Jul-Aug 2026,EMP041,Vinay,Finance,Senior Executive,KPI003,Attendance,10,26,95,25,96,10.11,Met,107.88,Completed
Jul-Aug 2026,EMP041,Vinay,Finance,Senior Executive,KPI004,SLA Compliance,10,100,85,89.6,89.6,10.54,Met,107.88,Completed
Jul-Aug 2026,EMP041,Vinay,Finance,Senior Executive,KPI005,Customer Satisfaction,10,90,90,106.8,106.8,11.87,Met,107.88,Completed
Jul-Aug 2026,EMP041,Vinay,Finance,Senior Executive,KPI006,Error Rate,10,3,3,2.9,103.4,12,Met,107.88,Completed
Jul-Aug 2026,EMP041,Vinay,Finance,Senior Executive,KPI007,Timeliness,10,95,95,99.9,99.9,10.52,Met,107.88,Completed
Jul-Aug 2026,EMP041,Vinay,Finance,Senior Executive,KPI008,Process Compliance,10,85,85,88.3,88.3,10.39,Met,107.88,Completed
Jul-Aug 2026,EMP041,Vinay,Finance,Senior Executive,KPI009,Training Completion,5,100,85,86.2,86.2,5.07,Met,107.88,Completed
Jul-Aug 2026,EMP041,Vinay,Finance,Senior Executive,KPI010,Documentation Accuracy,5,85,85,91.1,91.1,5.36,Met,107.88,Completed
Jul-Aug 2026,EMP042,Sunita,Sales,Team Lead,KPI001,Productivity,15,90,90,84.1,84.1,14.02,Partially Met,97.86,Completed
Jul-Aug 2026,EMP042,Sunita,Sales,Team Lead,KPI002,Quality Score,15,90,90,89.5,89.5,14.92,Partially Met,97.86,Completed
Jul-Aug 2026,EMP042,Sunita,Sales,Team Lead,KPI003,Attendance,10,26,95,22.9,88,9.26,Partially Met,97.86,Completed
Jul-Aug 2026,EMP042,Sunita,Sales,Team Lead,KPI004,SLA Compliance,10,100,95,101.3,101.3,10.66,Met,97.86,Completed
Jul-Aug 2026,EMP042,Sunita,Sales,Team Lead,KPI005,Customer Satisfaction,10,95,95,82.8,82.8,8.72,Partially Met,97.86,Completed
Jul-Aug 2026,EMP042,Sunita,Sales,Team Lead,KPI006,Error Rate,10,3,3,3.12,96.2,12,Met,97.86,Completed
Jul-Aug 2026,EMP042,Sunita,Sales,Team Lead,KPI007,Timeliness,10,95,95,97.2,97.2,10.23,Met,97.86,Completed
Jul-Aug 2026,EMP042,Sunita,Sales,Team Lead,KPI008,Process Compliance,10,95,95,85.6,85.6,9.01,Partially Met,97.86,Completed
Jul-Aug 2026,EMP042,Sunita,Sales,Team Lead,KPI009,Training Completion,5,100,90,81.3,81.3,4.52,Partially Met,97.86,Completed
Jul-Aug 2026,EMP042,Sunita,Sales,Team Lead,KPI010,Documentation Accuracy,5,85,85,76.9,76.9,4.52,Partially Met,97.86,Completed
Jul-Aug 2026,EMP043,Tarun,Sales,Executive,KPI001,Productivity,15,95,95,100.5,100.5,15.87,Met,107.65,Completed
Jul-Aug 2026,EMP043,Tarun,Sales,Executive,KPI002,Quality Score,15,90,90,97.3,97.3,16.22,Met,107.65,Completed
Jul-Aug 2026,EMP043,Tarun,Sales,Executive,KPI003,Attendance,10,26,90,26,100,11.11,Met,107.65,Completed
Jul-Aug 2026,EMP043,Tarun,Sales,Executive,KPI004,SLA Compliance,10,100,85,90.4,90.4,10.64,Met,107.65,Completed
Jul-Aug 2026,EMP043,Tarun,Sales,Executive,KPI005,Customer Satisfaction,10,90,90,91.9,91.9,10.21,Met,107.65,Completed
Jul-Aug 2026,EMP043,Tarun,Sales,Executive,KPI006,Error Rate,10,7,7,6.82,102.6,12,Met,107.65,Completed
Jul-Aug 2026,EMP043,Tarun,Sales,Executive,KPI007,Timeliness,10,90,90,92.8,92.8,10.31,Met,107.65,Completed
Jul-Aug 2026,EMP043,Tarun,Sales,Executive,KPI008,Process Compliance,10,85,85,87.8,87.8,10.33,Met,107.65,Completed
Jul-Aug 2026,EMP043,Tarun,Sales,Executive,KPI009,Training Completion,5,100,85,101,101,5.94,Met,107.65,Completed
Jul-Aug 2026,EMP043,Tarun,Sales,Executive,KPI010,Documentation Accuracy,5,90,90,90.4,90.4,5.02,Met,107.65,Completed
Jul-Aug 2026,EMP044,Kiran,HR,Senior Executive,KPI001,Productivity,15,85,85,67.5,67.5,11.91,Not Met,84.67,Completed
Jul-Aug 2026,EMP044,Kiran,HR,Senior Executive,KPI002,Quality Score,15,90,90,87.3,87.3,14.55,Partially Met,84.67,Completed
Jul-Aug 2026,EMP044,Kiran,HR,Senior Executive,KPI003,Attendance,10,26,90,14.3,55.1,6.12,Not Met,84.67,Completed
Jul-Aug 2026,EMP044,Kiran,HR,Senior Executive,KPI004,SLA Compliance,10,100,90,62.6,62.6,6.96,Not Met,84.67,Completed
Jul-Aug 2026,EMP044,Kiran,HR,Senior Executive,KPI005,Customer Satisfaction,10,95,95,74.6,74.6,7.85,Not Met,84.67,Completed
Jul-Aug 2026,EMP044,Kiran,HR,Senior Executive,KPI006,Error Rate,10,3,3,3.43,87.5,12,Met,84.67,Completed
Jul-Aug 2026,EMP044,Kiran,HR,Senior Executive,KPI007,Timeliness,10,95,95,76.5,76.5,8.05,Partially Met,84.67,Completed
Jul-Aug 2026,EMP044,Kiran,HR,Senior Executive,KPI008,Process Compliance,10,90,90,78.5,78.5,8.72,Partially Met,84.67,Completed
Jul-Aug 2026,EMP044,Kiran,HR,Senior Executive,KPI009,Training Completion,5,100,95,67.3,67.3,3.54,Not Met,84.67,Completed
Jul-Aug 2026,EMP044,Kiran,HR,Senior Executive,KPI010,Documentation Accuracy,5,95,95,94.5,94.5,4.97,Partially Met,84.67,Completed
Jul-Aug 2026,EMP045,Manish,HR,Senior Executive,KPI001,Productivity,15,95,95,103,103,16.26,Met,108.8,Completed
Jul-Aug 2026,EMP045,Manish,HR,Senior Executive,KPI002,Quality Score,15,85,85,86.8,86.8,15.32,Met,108.8,Completed
Jul-Aug 2026,EMP045,Manish,HR,Senior Executive,KPI003,Attendance,10,26,85,21.6,83.2,9.79,Partially Met,108.8,Completed
Jul-Aug 2026,EMP045,Manish,HR,Senior Executive,KPI004,SLA Compliance,10,100,95,102.3,102.3,10.77,Met,108.8,Completed
Jul-Aug 2026,EMP045,Manish,HR,Senior Executive,KPI005,Customer Satisfaction,10,95,95,112.9,112.9,11.88,Met,108.8,Completed
Jul-Aug 2026,EMP045,Manish,HR,Senior Executive,KPI006,Error Rate,10,3,3,2.84,105.6,12,Met,108.8,Completed
Jul-Aug 2026,EMP045,Manish,HR,Senior Executive,KPI007,Timeliness,10,95,95,105.3,105.3,11.08,Met,108.8,Completed
Jul-Aug 2026,EMP045,Manish,HR,Senior Executive,KPI008,Process Compliance,10,95,95,101.5,101.5,10.68,Met,108.8,Completed
Jul-Aug 2026,EMP045,Manish,HR,Senior Executive,KPI009,Training Completion,5,100,90,101,101,5.61,Met,108.8,Completed
Jul-Aug 2026,EMP045,Manish,HR,Senior Executive,KPI010,Documentation Accuracy,5,85,85,91.9,91.9,5.41,Met,108.8,Completed
Jul-Aug 2026,EMP046,Anu,Customer Support,Assistant Manager,KPI001,Productivity,15,90,90,81.4,81.4,13.57,Partially Met,97.87,Completed
Jul-Aug 2026,EMP046,Anu,Customer Support,Assistant Manager,KPI002,Quality Score,15,90,90,79.6,79.6,13.27,Partially Met,97.87,Completed
Jul-Aug 2026,EMP046,Anu,Customer Support,Assistant Manager,KPI003,Attendance,10,26,95,25.8,99.3,10.45,Met,97.87,Completed
Jul-Aug 2026,EMP046,Anu,Customer Support,Assistant Manager,KPI004,SLA Compliance,10,100,85,85.3,85.3,10.04,Met,97.87,Completed
Jul-Aug 2026,EMP046,Anu,Customer Support,Assistant Manager,KPI005,Customer Satisfaction,10,95,95,99.3,99.3,10.45,Met,97.87,Completed
Jul-Aug 2026,EMP046,Anu,Customer Support,Assistant Manager,KPI006,Error Rate,10,3,3,3.35,89.6,12,Met,97.87,Completed
Jul-Aug 2026,EMP046,Anu,Customer Support,Assistant Manager,KPI007,Timeliness,10,95,95,80.3,80.3,8.45,Partially Met,97.87,Completed
Jul-Aug 2026,EMP046,Anu,Customer Support,Assistant Manager,KPI008,Process Compliance,10,95,95,97.8,97.8,10.29,Met,97.87,Completed
Jul-Aug 2026,EMP046,Anu,Customer Support,Assistant Manager,KPI009,Training Completion,5,100,90,83.4,83.4,4.63,Partially Met,97.87,Completed
Jul-Aug 2026,EMP046,Anu,Customer Support,Assistant Manager,KPI010,Documentation Accuracy,5,85,85,80.2,80.2,4.72,Partially Met,97.87,Completed
Jul-Aug 2026,EMP047,Prakash,IT,Team Lead,KPI001,Productivity,15,85,85,88.2,88.2,15.56,Met,96.79,Completed
Jul-Aug 2026,EMP047,Prakash,IT,Team Lead,KPI002,Quality Score,15,90,90,71.8,71.8,11.97,Not Met,96.79,Completed
Jul-Aug 2026,EMP047,Prakash,IT,Team Lead,KPI003,Attendance,10,26,85,21.3,82,9.65,Partially Met,96.79,Completed
Jul-Aug 2026,EMP047,Prakash,IT,Team Lead,KPI004,SLA Compliance,10,100,90,84.9,84.9,9.43,Partially Met,96.79,Completed
Jul-Aug 2026,EMP047,Prakash,IT,Team Lead,KPI005,Customer Satisfaction,10,85,85,80.5,80.5,9.47,Partially Met,96.79,Completed
Jul-Aug 2026,EMP047,Prakash,IT,Team Lead,KPI006,Error Rate,10,5,5,5.64,88.7,12,Met,96.79,Completed
Jul-Aug 2026,EMP047,Prakash,IT,Team Lead,KPI007,Timeliness,10,95,95,88,88,9.26,Partially Met,96.79,Completed
Jul-Aug 2026,EMP047,Prakash,IT,Team Lead,KPI008,Process Compliance,10,95,95,99.2,99.2,10.44,Met,96.79,Completed
Jul-Aug 2026,EMP047,Prakash,IT,Team Lead,KPI009,Training Completion,5,100,85,82.6,82.6,4.86,Partially Met,96.79,Completed
Jul-Aug 2026,EMP047,Prakash,IT,Team Lead,KPI010,Documentation Accuracy,5,85,85,70.6,70.6,4.15,Partially Met,96.79,Completed
Jul-Aug 2026,EMP048,Isha,Sales,Manager,KPI001,Productivity,15,85,85,77,77,13.59,Partially Met,97.69,Completed
Jul-Aug 2026,EMP048,Isha,Sales,Manager,KPI002,Quality Score,15,95,95,87.5,87.5,13.82,Partially Met,97.69,Completed
Jul-Aug 2026,EMP048,Isha,Sales,Manager,KPI003,Attendance,10,26,90,22.3,85.6,9.51,Partially Met,97.69,Completed
Jul-Aug 2026,EMP048,Isha,Sales,Manager,KPI004,SLA Compliance,10,100,85,82.8,82.8,9.74,Partially Met,97.69,Completed
Jul-Aug 2026,EMP048,Isha,Sales,Manager,KPI005,Customer Satisfaction,10,90,90,75.2,75.2,8.36,Partially Met,97.69,Completed
Jul-Aug 2026,EMP048,Isha,Sales,Manager,KPI006,Error Rate,10,3,3,3.27,91.7,12,Met,97.69,Completed
Jul-Aug 2026,EMP048,Isha,Sales,Manager,KPI007,Timeliness,10,85,85,86.9,86.9,10.22,Met,97.69,Completed
Jul-Aug 2026,EMP048,Isha,Sales,Manager,KPI008,Process Compliance,10,95,95,93.4,93.4,9.83,Partially Met,97.69,Completed
Jul-Aug 2026,EMP048,Isha,Sales,Manager,KPI009,Training Completion,5,100,85,90.4,90.4,5.32,Met,97.69,Completed
Jul-Aug 2026,EMP048,Isha,Sales,Manager,KPI010,Documentation Accuracy,5,85,85,90.1,90.1,5.3,Met,97.69,Completed
Jul-Aug 2026,EMP049,Aditya,Customer Support,Team Lead,KPI001,Productivity,15,85,85,69.8,69.8,12.32,Partially Met,94.51,Completed
Jul-Aug 2026,EMP049,Aditya,Customer Support,Team Lead,KPI002,Quality Score,15,90,90,77.4,77.4,12.9,Partially Met,94.51,Completed
Jul-Aug 2026,EMP049,Aditya,Customer Support,Team Lead,KPI003,Attendance,10,26,90,21.7,83.3,9.26,Partially Met,94.51,Completed
Jul-Aug 2026,EMP049,Aditya,Customer Support,Team Lead,KPI004,SLA Compliance,10,100,95,91.6,91.6,9.64,Partially Met,94.51,Completed
Jul-Aug 2026,EMP049,Aditya,Customer Support,Team Lead,KPI005,Customer Satisfaction,10,90,90,90.7,90.7,10.08,Met,94.51,Completed
Jul-Aug 2026,EMP049,Aditya,Customer Support,Team Lead,KPI006,Error Rate,10,7,7,7.29,96,12,Met,94.51,Completed
Jul-Aug 2026,EMP049,Aditya,Customer Support,Team Lead,KPI007,Timeliness,10,95,95,93.8,93.8,9.87,Partially Met,94.51,Completed
Jul-Aug 2026,EMP049,Aditya,Customer Support,Team Lead,KPI008,Process Compliance,10,95,95,91.1,91.1,9.59,Partially Met,94.51,Completed
Jul-Aug 2026,EMP049,Aditya,Customer Support,Team Lead,KPI009,Training Completion,5,100,95,78.6,78.6,4.14,Partially Met,94.51,Completed
Jul-Aug 2026,EMP049,Aditya,Customer Support,Team Lead,KPI010,Documentation Accuracy,5,95,95,89.4,89.4,4.71,Partially Met,94.51,Completed
Jul-Aug 2026,EMP050,Radhika,Quality Assurance,Executive,KPI001,Productivity,15,95,95,98,98,15.47,Met,106.35,Completed
Jul-Aug 2026,EMP050,Radhika,Quality Assurance,Executive,KPI002,Quality Score,15,90,90,95.9,95.9,15.98,Met,106.35,Completed
Jul-Aug 2026,EMP050,Radhika,Quality Assurance,Executive,KPI003,Attendance,10,26,95,24.1,92.7,9.76,Partially Met,106.35,Completed
Jul-Aug 2026,EMP050,Radhika,Quality Assurance,Executive,KPI004,SLA Compliance,10,100,90,99.8,99.8,11.09,Met,106.35,Completed
Jul-Aug 2026,EMP050,Radhika,Quality Assurance,Executive,KPI005,Customer Satisfaction,10,90,90,95.2,95.2,10.58,Met,106.35,Completed
Jul-Aug 2026,EMP050,Radhika,Quality Assurance,Executive,KPI006,Error Rate,10,7,7,7.2,97.2,12,Met,106.35,Completed
Jul-Aug 2026,EMP050,Radhika,Quality Assurance,Executive,KPI007,Timeliness,10,90,90,91.8,91.8,10.2,Met,106.35,Completed
Jul-Aug 2026,EMP050,Radhika,Quality Assurance,Executive,KPI008,Process Compliance,10,90,90,95.1,95.1,10.57,Met,106.35,Completed
Jul-Aug 2026,EMP050,Radhika,Quality Assurance,Executive,KPI009,Training Completion,5,100,85,94.3,94.3,5.55,Met,106.35,Completed
Jul-Aug 2026,EMP050,Radhika,Quality Assurance,Executive,KPI010,Documentation Accuracy,5,85,85,87.6,87.6,5.15,Met,106.35,Completed
Sep-Oct 2026,EMP001,Rahul,Sales,Executive,KPI001,Productivity,15,85,85,84.7,84.7,14.95,Partially Met,100.34,Completed
Sep-Oct 2026,EMP001,Rahul,Sales,Executive,KPI002,Quality Score,15,85,85,86.8,86.8,15.32,Met,100.34,Completed
Sep-Oct 2026,EMP001,Rahul,Sales,Executive,KPI003,Attendance,10,26,95,24.6,94.8,9.98,Partially Met,100.34,Completed
Sep-Oct 2026,EMP001,Rahul,Sales,Executive,KPI004,SLA Compliance,10,100,85,88.4,88.4,10.4,Met,100.34,Completed
Sep-Oct 2026,EMP001,Rahul,Sales,Executive,KPI005,Customer Satisfaction,10,95,95,95.8,95.8,10.08,Met,100.34,Completed
Sep-Oct 2026,EMP001,Rahul,Sales,Executive,KPI006,Error Rate,10,3,3,3.44,87.2,12,Met,100.34,Completed
Sep-Oct 2026,EMP001,Rahul,Sales,Executive,KPI007,Timeliness,10,90,90,75.9,75.9,8.43,Partially Met,100.34,Completed
Sep-Oct 2026,EMP001,Rahul,Sales,Executive,KPI008,Process Compliance,10,90,90,85.1,85.1,9.46,Partially Met,100.34,Completed
Sep-Oct 2026,EMP001,Rahul,Sales,Executive,KPI009,Training Completion,5,100,85,83.3,83.3,4.9,Partially Met,100.34,Completed
Sep-Oct 2026,EMP001,Rahul,Sales,Executive,KPI010,Documentation Accuracy,5,95,95,91.6,91.6,4.82,Partially Met,100.34,Completed
Sep-Oct 2026,EMP002,Priya,Operations,Team Lead,KPI001,Productivity,15,90,90,81.2,81.2,13.53,Partially Met,85.91,Completed
Sep-Oct 2026,EMP002,Priya,Operations,Team Lead,KPI002,Quality Score,15,90,90,75,75,12.5,Partially Met,85.91,Completed
Sep-Oct 2026,EMP002,Priya,Operations,Team Lead,KPI003,Attendance,10,26,95,17.6,67.6,7.12,Not Met,85.91,Completed
Sep-Oct 2026,EMP002,Priya,Operations,Team Lead,KPI004,SLA Compliance,10,100,90,83.3,83.3,9.26,Partially Met,85.91,Completed
Sep-Oct 2026,EMP002,Priya,Operations,Team Lead,KPI005,Customer Satisfaction,10,95,95,77.5,77.5,8.16,Partially Met,85.91,Completed
Sep-Oct 2026,EMP002,Priya,Operations,Team Lead,KPI006,Error Rate,10,5,5,6.24,80.1,12,Met,85.91,Completed
Sep-Oct 2026,EMP002,Priya,Operations,Team Lead,KPI007,Timeliness,10,95,95,90.8,90.8,9.56,Partially Met,85.91,Completed
Sep-Oct 2026,EMP002,Priya,Operations,Team Lead,KPI008,Process Compliance,10,95,95,52.3,52.3,5.51,Not Met,85.91,Completed
Sep-Oct 2026,EMP002,Priya,Operations,Team Lead,KPI009,Training Completion,5,100,85,58.9,58.9,3.46,Not Met,85.91,Completed
Sep-Oct 2026,EMP002,Priya,Operations,Team Lead,KPI010,Documentation Accuracy,5,85,85,81.7,81.7,4.81,Partially Met,85.91,Completed
Sep-Oct 2026,EMP003,Amit,Customer Support,Senior Executive,KPI001,Productivity,15,90,90,86,86,14.33,Partially Met,99.05,Completed
Sep-Oct 2026,EMP003,Amit,Customer Support,Senior Executive,KPI002,Quality Score,15,90,90,91.9,91.9,15.32,Met,99.05,Completed
Sep-Oct 2026,EMP003,Amit,Customer Support,Senior Executive,KPI003,Attendance,10,26,95,26,99.9,10.52,Met,99.05,Completed
Sep-Oct 2026,EMP003,Amit,Customer Support,Senior Executive,KPI004,SLA Compliance,10,100,85,69.4,69.4,8.16,Partially Met,99.05,Completed
Sep-Oct 2026,EMP003,Amit,Customer Support,Senior Executive,KPI005,Customer Satisfaction,10,85,85,88.1,88.1,10.36,Met,99.05,Completed
Sep-Oct 2026,EMP003,Amit,Customer Support,Senior Executive,KPI006,Error Rate,10,3,3,3.33,90.1,12,Met,99.05,Completed
Sep-Oct 2026,EMP003,Amit,Customer Support,Senior Executive,KPI007,Timeliness,10,85,85,72.7,72.7,8.55,Partially Met,99.05,Completed
Sep-Oct 2026,EMP003,Amit,Customer Support,Senior Executive,KPI008,Process Compliance,10,95,95,94.1,94.1,9.91,Partially Met,99.05,Completed
Sep-Oct 2026,EMP003,Amit,Customer Support,Senior Executive,KPI009,Training Completion,5,100,95,90.8,90.8,4.78,Partially Met,99.05,Completed
Sep-Oct 2026,EMP003,Amit,Customer Support,Senior Executive,KPI010,Documentation Accuracy,5,95,95,97.3,97.3,5.12,Met,99.05,Completed
Sep-Oct 2026,EMP004,Sneha,Customer Support,Executive,KPI001,Productivity,15,95,95,86.8,86.8,13.71,Partially Met,97.43,Completed
Sep-Oct 2026,EMP004,Sneha,Customer Support,Executive,KPI002,Quality Score,15,85,85,89.1,89.1,15.72,Met,97.43,Completed
Sep-Oct 2026,EMP004,Sneha,Customer Support,Executive,KPI003,Attendance,10,26,85,18.5,71.2,8.38,Partially Met,97.43,Completed
Sep-Oct 2026,EMP004,Sneha,Customer Support,Executive,KPI004,SLA Compliance,10,100,85,84.1,84.1,9.89,Partially Met,97.43,Completed
Sep-Oct 2026,EMP004,Sneha,Customer Support,Executive,KPI005,Customer Satisfaction,10,90,90,83.8,83.8,9.31,Partially Met,97.43,Completed
Sep-Oct 2026,EMP004,Sneha,Customer Support,Executive,KPI006,Error Rate,10,3,3,3.01,99.7,12,Met,97.43,Completed
Sep-Oct 2026,EMP004,Sneha,Customer Support,Executive,KPI007,Timeliness,10,85,85,78.2,78.2,9.2,Partially Met,97.43,Completed
Sep-Oct 2026,EMP004,Sneha,Customer Support,Executive,KPI008,Process Compliance,10,90,90,83.7,83.7,9.3,Partially Met,97.43,Completed
Sep-Oct 2026,EMP004,Sneha,Customer Support,Executive,KPI009,Training Completion,5,100,90,88.4,88.4,4.91,Partially Met,97.43,Completed
Sep-Oct 2026,EMP004,Sneha,Customer Support,Executive,KPI010,Documentation Accuracy,5,85,85,85.2,85.2,5.01,Met,97.43,Completed
Sep-Oct 2026,EMP005,Vikram,Sales,Manager,KPI001,Productivity,15,85,85,92.1,92.1,16.25,Met,107.67,Completed
Sep-Oct 2026,EMP005,Vikram,Sales,Manager,KPI002,Quality Score,15,95,95,99.5,99.5,15.71,Met,107.67,Completed
Sep-Oct 2026,EMP005,Vikram,Sales,Manager,KPI003,Attendance,10,26,85,23.2,89.1,10.48,Met,107.67,Completed
Sep-Oct 2026,EMP005,Vikram,Sales,Manager,KPI004,SLA Compliance,10,100,95,96.5,96.5,10.16,Met,107.67,Completed
Sep-Oct 2026,EMP005,Vikram,Sales,Manager,KPI005,Customer Satisfaction,10,90,90,92.5,92.5,10.28,Met,107.67,Completed
Sep-Oct 2026,EMP005,Vikram,Sales,Manager,KPI006,Error Rate,10,5,5,4.9,102,12,Met,107.67,Completed
Sep-Oct 2026,EMP005,Vikram,Sales,Manager,KPI007,Timeliness,10,95,95,111.7,111.7,11.76,Met,107.67,Completed
Sep-Oct 2026,EMP005,Vikram,Sales,Manager,KPI008,Process Compliance,10,85,85,87.3,87.3,10.27,Met,107.67,Completed
Sep-Oct 2026,EMP005,Vikram,Sales,Manager,KPI009,Training Completion,5,100,95,101.5,101.5,5.34,Met,107.67,Completed
Sep-Oct 2026,EMP005,Vikram,Sales,Manager,KPI010,Documentation Accuracy,5,85,85,92.2,92.2,5.42,Met,107.67,Completed
Sep-Oct 2026,EMP006,Anjali,Operations,Manager,KPI001,Productivity,15,95,95,93.2,93.2,14.72,Partially Met,107.04,Completed
Sep-Oct 2026,EMP006,Anjali,Operations,Manager,KPI002,Quality Score,15,90,90,95.7,95.7,15.95,Met,107.04,Completed
Sep-Oct 2026,EMP006,Anjali,Operations,Manager,KPI003,Attendance,10,26,85,22.8,87.5,10.29,Met,107.04,Completed
Sep-Oct 2026,EMP006,Anjali,Operations,Manager,KPI004,SLA Compliance,10,100,95,98.1,98.1,10.33,Met,107.04,Completed
Sep-Oct 2026,EMP006,Anjali,Operations,Manager,KPI005,Customer Satisfaction,10,90,90,97.7,97.7,10.86,Met,107.04,Completed
Sep-Oct 2026,EMP006,Anjali,Operations,Manager,KPI006,Error Rate,10,7,7,7,100,12,Met,107.04,Completed
Sep-Oct 2026,EMP006,Anjali,Operations,Manager,KPI007,Timeliness,10,85,85,100.7,100.7,11.85,Met,107.04,Completed
Sep-Oct 2026,EMP006,Anjali,Operations,Manager,KPI008,Process Compliance,10,85,85,92.1,92.1,10.84,Met,107.04,Completed
Sep-Oct 2026,EMP006,Anjali,Operations,Manager,KPI009,Training Completion,5,100,85,90.6,90.6,5.33,Met,107.04,Completed
Sep-Oct 2026,EMP006,Anjali,Operations,Manager,KPI010,Documentation Accuracy,5,90,90,87.7,87.7,4.87,Partially Met,107.04,Completed
Sep-Oct 2026,EMP007,Rohan,IT,Executive,KPI001,Productivity,15,90,90,105.5,105.5,17.58,Met,108.85,Completed
Sep-Oct 2026,EMP007,Rohan,IT,Executive,KPI002,Quality Score,15,85,85,87.3,87.3,15.41,Met,108.85,Completed
Sep-Oct 2026,EMP007,Rohan,IT,Executive,KPI003,Attendance,10,26,95,26,100,10.53,Met,108.85,Completed
Sep-Oct 2026,EMP007,Rohan,IT,Executive,KPI004,SLA Compliance,10,100,95,106,106,11.16,Met,108.85,Completed
Sep-Oct 2026,EMP007,Rohan,IT,Executive,KPI005,Customer Satisfaction,10,95,95,103.3,103.3,10.87,Met,108.85,Completed
Sep-Oct 2026,EMP007,Rohan,IT,Executive,KPI006,Error Rate,10,3,3,2.98,100.7,12,Met,108.85,Completed
Sep-Oct 2026,EMP007,Rohan,IT,Executive,KPI007,Timeliness,10,95,95,99.9,99.9,10.52,Met,108.85,Completed
Sep-Oct 2026,EMP007,Rohan,IT,Executive,KPI008,Process Compliance,10,95,95,96.9,96.9,10.2,Met,108.85,Completed
Sep-Oct 2026,EMP007,Rohan,IT,Executive,KPI009,Training Completion,5,100,90,99.4,99.4,5.52,Met,108.85,Completed
Sep-Oct 2026,EMP007,Rohan,IT,Executive,KPI010,Documentation Accuracy,5,90,90,91.1,91.1,5.06,Met,108.85,Completed
Sep-Oct 2026,EMP008,Neha,Operations,Executive,KPI001,Productivity,15,90,90,69.1,69.1,11.52,Not Met,82.08,Completed
Sep-Oct 2026,EMP008,Neha,Operations,Executive,KPI002,Quality Score,15,85,85,71.6,71.6,12.64,Partially Met,82.08,Completed
Sep-Oct 2026,EMP008,Neha,Operations,Executive,KPI003,Attendance,10,26,90,12.9,49.5,5.5,Not Met,82.08,Completed
Sep-Oct 2026,EMP008,Neha,Operations,Executive,KPI004,SLA Compliance,10,100,85,62.3,62.3,7.33,Not Met,82.08,Completed
Sep-Oct 2026,EMP008,Neha,Operations,Executive,KPI005,Customer Satisfaction,10,95,95,73.3,73.3,7.72,Not Met,82.08,Completed
Sep-Oct 2026,EMP008,Neha,Operations,Executive,KPI006,Error Rate,10,5,5,6.42,77.9,12,Met,82.08,Completed
Sep-Oct 2026,EMP008,Neha,Operations,Executive,KPI007,Timeliness,10,95,95,81.8,81.8,8.61,Partially Met,82.08,Completed
Sep-Oct 2026,EMP008,Neha,Operations,Executive,KPI008,Process Compliance,10,95,95,84,84,8.84,Partially Met,82.08,Completed
Sep-Oct 2026,EMP008,Neha,Operations,Executive,KPI009,Training Completion,5,100,85,67.4,67.4,3.96,Not Met,82.08,Completed
Sep-Oct 2026,EMP008,Neha,Operations,Executive,KPI010,Documentation Accuracy,5,85,85,67.4,67.4,3.96,Not Met,82.08,Completed
Sep-Oct 2026,EMP009,Karan,Customer Support,Senior Executive,KPI001,Productivity,15,95,95,92.4,92.4,14.59,Partially Met,96.01,Completed
Sep-Oct 2026,EMP009,Karan,Customer Support,Senior Executive,KPI002,Quality Score,15,95,95,86.1,86.1,13.59,Partially Met,96.01,Completed
Sep-Oct 2026,EMP009,Karan,Customer Support,Senior Executive,KPI003,Attendance,10,26,85,20.4,78.5,9.24,Partially Met,96.01,Completed
Sep-Oct 2026,EMP009,Karan,Customer Support,Senior Executive,KPI004,SLA Compliance,10,100,90,80.2,80.2,8.91,Partially Met,96.01,Completed
Sep-Oct 2026,EMP009,Karan,Customer Support,Senior Executive,KPI005,Customer Satisfaction,10,95,95,92.7,92.7,9.76,Partially Met,96.01,Completed
Sep-Oct 2026,EMP009,Karan,Customer Support,Senior Executive,KPI006,Error Rate,10,5,5,5.11,97.8,12,Met,96.01,Completed
Sep-Oct 2026,EMP009,Karan,Customer Support,Senior Executive,KPI007,Timeliness,10,85,85,79.4,79.4,9.34,Partially Met,96.01,Completed
Sep-Oct 2026,EMP009,Karan,Customer Support,Senior Executive,KPI008,Process Compliance,10,85,85,80.8,80.8,9.51,Partially Met,96.01,Completed
Sep-Oct 2026,EMP009,Karan,Customer Support,Senior Executive,KPI009,Training Completion,5,100,90,89.6,89.6,4.98,Partially Met,96.01,Completed
Sep-Oct 2026,EMP009,Karan,Customer Support,Senior Executive,KPI010,Documentation Accuracy,5,95,95,77.7,77.7,4.09,Partially Met,96.01,Completed
Sep-Oct 2026,EMP010,Pooja,HR,Manager,KPI001,Productivity,15,90,90,89.6,89.6,14.93,Partially Met,101.33,Completed
Sep-Oct 2026,EMP010,Pooja,HR,Manager,KPI002,Quality Score,15,95,95,104.6,104.6,16.52,Met,101.33,Completed
Sep-Oct 2026,EMP010,Pooja,HR,Manager,KPI003,Attendance,10,26,90,24.2,93,10.33,Met,101.33,Completed
Sep-Oct 2026,EMP010,Pooja,HR,Manager,KPI004,SLA Compliance,10,100,95,88.7,88.7,9.34,Partially Met,101.33,Completed
Sep-Oct 2026,EMP010,Pooja,HR,Manager,KPI005,Customer Satisfaction,10,90,90,90.4,90.4,10.04,Met,101.33,Completed
Sep-Oct 2026,EMP010,Pooja,HR,Manager,KPI006,Error Rate,10,5,5,5.49,91.1,12,Met,101.33,Completed
Sep-Oct 2026,EMP010,Pooja,HR,Manager,KPI007,Timeliness,10,95,95,93.5,93.5,9.84,Partially Met,101.33,Completed
Sep-Oct 2026,EMP010,Pooja,HR,Manager,KPI008,Process Compliance,10,85,85,77.2,77.2,9.08,Partially Met,101.33,Completed
Sep-Oct 2026,EMP010,Pooja,HR,Manager,KPI009,Training Completion,5,100,90,81.1,81.1,4.51,Partially Met,101.33,Completed
Sep-Oct 2026,EMP010,Pooja,HR,Manager,KPI010,Documentation Accuracy,5,95,95,90,90,4.74,Partially Met,101.33,Completed
Sep-Oct 2026,EMP011,Arjun,Operations,Manager,KPI001,Productivity,15,90,90,97.1,97.1,16.18,Met,107.9,Completed
Sep-Oct 2026,EMP011,Arjun,Operations,Manager,KPI002,Quality Score,15,95,95,98.2,98.2,15.51,Met,107.9,Completed
Sep-Oct 2026,EMP011,Arjun,Operations,Manager,KPI003,Attendance,10,26,85,25.2,96.8,11.39,Met,107.9,Completed
Sep-Oct 2026,EMP011,Arjun,Operations,Manager,KPI004,SLA Compliance,10,100,90,95.1,95.1,10.57,Met,107.9,Completed
Sep-Oct 2026,EMP011,Arjun,Operations,Manager,KPI005,Customer Satisfaction,10,95,95,92.6,92.6,9.75,Partially Met,107.9,Completed
Sep-Oct 2026,EMP011,Arjun,Operations,Manager,KPI006,Error Rate,10,3,3,2.76,108.7,12,Met,107.9,Completed
Sep-Oct 2026,EMP011,Arjun,Operations,Manager,KPI007,Timeliness,10,85,85,95.6,95.6,11.25,Met,107.9,Completed
Sep-Oct 2026,EMP011,Arjun,Operations,Manager,KPI008,Process Compliance,10,95,95,101.2,101.2,10.65,Met,107.9,Completed
Sep-Oct 2026,EMP011,Arjun,Operations,Manager,KPI009,Training Completion,5,100,90,92.1,92.1,5.12,Met,107.9,Completed
Sep-Oct 2026,EMP011,Arjun,Operations,Manager,KPI010,Documentation Accuracy,5,95,95,104.2,104.2,5.48,Met,107.9,Completed
Sep-Oct 2026,EMP012,Divya,Customer Support,Manager,KPI001,Productivity,15,95,95,60.4,60.4,9.54,Not Met,79.66,Completed
Sep-Oct 2026,EMP012,Divya,Customer Support,Manager,KPI002,Quality Score,15,90,90,68.7,68.7,11.45,Not Met,79.66,Completed
Sep-Oct 2026,EMP012,Divya,Customer Support,Manager,KPI003,Attendance,10,26,90,17.5,67.4,7.49,Not Met,79.66,Completed
Sep-Oct 2026,EMP012,Divya,Customer Support,Manager,KPI004,SLA Compliance,10,100,85,64,64,7.53,Not Met,79.66,Completed
Sep-Oct 2026,EMP012,Divya,Customer Support,Manager,KPI005,Customer Satisfaction,10,85,85,74,74,8.71,Partially Met,79.66,Completed
Sep-Oct 2026,EMP012,Divya,Customer Support,Manager,KPI006,Error Rate,10,7,7,9.46,74,12,Met,79.66,Completed
Sep-Oct 2026,EMP012,Divya,Customer Support,Manager,KPI007,Timeliness,10,90,90,72.4,72.4,8.04,Partially Met,79.66,Completed
Sep-Oct 2026,EMP012,Divya,Customer Support,Manager,KPI008,Process Compliance,10,90,90,63.1,63.1,7.01,Not Met,79.66,Completed
Sep-Oct 2026,EMP012,Divya,Customer Support,Manager,KPI009,Training Completion,5,100,95,68.9,68.9,3.63,Not Met,79.66,Completed
Sep-Oct 2026,EMP012,Divya,Customer Support,Manager,KPI010,Documentation Accuracy,5,85,85,72.4,72.4,4.26,Partially Met,79.66,Completed
Sep-Oct 2026,EMP013,Sanjay,IT,Senior Executive,KPI001,Productivity,15,90,90,85,85,14.17,Partially Met,89.05,Completed
Sep-Oct 2026,EMP013,Sanjay,IT,Senior Executive,KPI002,Quality Score,15,85,85,73.9,73.9,13.04,Partially Met,89.05,Completed
Sep-Oct 2026,EMP013,Sanjay,IT,Senior Executive,KPI003,Attendance,10,26,90,17.6,67.7,7.52,Not Met,89.05,Completed
Sep-Oct 2026,EMP013,Sanjay,IT,Senior Executive,KPI004,SLA Compliance,10,100,90,90,90,10,Met,89.05,Completed
Sep-Oct 2026,EMP013,Sanjay,IT,Senior Executive,KPI005,Customer Satisfaction,10,85,85,73.5,73.5,8.65,Partially Met,89.05,Completed
Sep-Oct 2026,EMP013,Sanjay,IT,Senior Executive,KPI006,Error Rate,10,3,3,3.24,92.6,12,Met,89.05,Completed
Sep-Oct 2026,EMP013,Sanjay,IT,Senior Executive,KPI007,Timeliness,10,85,85,57.3,57.3,6.74,Not Met,89.05,Completed
Sep-Oct 2026,EMP013,Sanjay,IT,Senior Executive,KPI008,Process Compliance,10,85,85,86.4,86.4,10.16,Met,89.05,Completed
Sep-Oct 2026,EMP013,Sanjay,IT,Senior Executive,KPI009,Training Completion,5,100,85,65.9,65.9,3.88,Not Met,89.05,Completed
Sep-Oct 2026,EMP013,Sanjay,IT,Senior Executive,KPI010,Documentation Accuracy,5,95,95,54.9,54.9,2.89,Not Met,89.05,Completed
Sep-Oct 2026,EMP014,Kavita,IT,Manager,KPI001,Productivity,15,90,90,100,100,16.67,Met,107.9,Completed
Sep-Oct 2026,EMP014,Kavita,IT,Manager,KPI002,Quality Score,15,85,85,85.5,85.5,15.09,Met,107.9,Completed
Sep-Oct 2026,EMP014,Kavita,IT,Manager,KPI003,Attendance,10,26,90,25.1,96.6,10.73,Met,107.9,Completed
Sep-Oct 2026,EMP014,Kavita,IT,Manager,KPI004,SLA Compliance,10,100,95,102.9,102.9,10.83,Met,107.9,Completed
Sep-Oct 2026,EMP014,Kavita,IT,Manager,KPI005,Customer Satisfaction,10,85,85,90.1,90.1,10.6,Met,107.9,Completed
Sep-Oct 2026,EMP014,Kavita,IT,Manager,KPI006,Error Rate,10,5,5,4.41,113.4,12,Met,107.9,Completed
Sep-Oct 2026,EMP014,Kavita,IT,Manager,KPI007,Timeliness,10,85,85,89.2,89.2,10.49,Met,107.9,Completed
Sep-Oct 2026,EMP014,Kavita,IT,Manager,KPI008,Process Compliance,10,85,85,90.2,90.2,10.61,Met,107.9,Completed
Sep-Oct 2026,EMP014,Kavita,IT,Manager,KPI009,Training Completion,5,100,90,100,100,5.56,Met,107.9,Completed
Sep-Oct 2026,EMP014,Kavita,IT,Manager,KPI010,Documentation Accuracy,5,90,90,95.8,95.8,5.32,Met,107.9,Completed
Sep-Oct 2026,EMP015,Manoj,Finance,Executive,KPI001,Productivity,15,85,85,88.1,88.1,15.55,Met,109.17,Completed
Sep-Oct 2026,EMP015,Manoj,Finance,Executive,KPI002,Quality Score,15,95,95,105.8,105.8,16.71,Met,109.17,Completed
Sep-Oct 2026,EMP015,Manoj,Finance,Executive,KPI003,Attendance,10,26,90,25.9,99.5,11.06,Met,109.17,Completed
Sep-Oct 2026,EMP015,Manoj,Finance,Executive,KPI004,SLA Compliance,10,100,90,97.9,97.9,10.88,Met,109.17,Completed
Sep-Oct 2026,EMP015,Manoj,Finance,Executive,KPI005,Customer Satisfaction,10,95,95,102.4,102.4,10.78,Met,109.17,Completed
Sep-Oct 2026,EMP015,Manoj,Finance,Executive,KPI006,Error Rate,10,3,3,2.84,105.6,12,Met,109.17,Completed
Sep-Oct 2026,EMP015,Manoj,Finance,Executive,KPI007,Timeliness,10,95,95,101.7,101.7,10.71,Met,109.17,Completed
Sep-Oct 2026,EMP015,Manoj,Finance,Executive,KPI008,Process Compliance,10,85,85,93.8,93.8,11.04,Met,109.17,Completed
Sep-Oct 2026,EMP015,Manoj,Finance,Executive,KPI009,Training Completion,5,100,95,93.4,93.4,4.92,Partially Met,109.17,Completed
Sep-Oct 2026,EMP015,Manoj,Finance,Executive,KPI010,Documentation Accuracy,5,90,90,99.3,99.3,5.52,Met,109.17,Completed
Sep-Oct 2026,EMP016,Ritu,Quality Assurance,Senior Executive,KPI001,Productivity,15,90,90,97.7,97.7,16.28,Met,109.6,Completed
Sep-Oct 2026,EMP016,Ritu,Quality Assurance,Senior Executive,KPI002,Quality Score,15,95,95,106.9,106.9,16.88,Met,109.6,Completed
Sep-Oct 2026,EMP016,Ritu,Quality Assurance,Senior Executive,KPI003,Attendance,10,26,95,26,100,10.53,Met,109.6,Completed
Sep-Oct 2026,EMP016,Ritu,Quality Assurance,Senior Executive,KPI004,SLA Compliance,10,100,90,104.3,104.3,11.59,Met,109.6,Completed
Sep-Oct 2026,EMP016,Ritu,Quality Assurance,Senior Executive,KPI005,Customer Satisfaction,10,90,90,94.9,94.9,10.54,Met,109.6,Completed
Sep-Oct 2026,EMP016,Ritu,Quality Assurance,Senior Executive,KPI006,Error Rate,10,7,7,7.1,98.6,12,Met,109.6,Completed
Sep-Oct 2026,EMP016,Ritu,Quality Assurance,Senior Executive,KPI007,Timeliness,10,85,85,89.2,89.2,10.49,Met,109.6,Completed
Sep-Oct 2026,EMP016,Ritu,Quality Assurance,Senior Executive,KPI008,Process Compliance,10,90,90,89.9,89.9,9.99,Partially Met,109.6,Completed
Sep-Oct 2026,EMP016,Ritu,Quality Assurance,Senior Executive,KPI009,Training Completion,5,100,90,103.2,103.2,5.73,Met,109.6,Completed
Sep-Oct 2026,EMP016,Ritu,Quality Assurance,Senior Executive,KPI010,Documentation Accuracy,5,85,85,94.7,94.7,5.57,Met,109.6,Completed
Sep-Oct 2026,EMP017,Suresh,Sales,Assistant Manager,KPI001,Productivity,15,85,85,71.5,71.5,12.62,Partially Met,94.94,Completed
Sep-Oct 2026,EMP017,Suresh,Sales,Assistant Manager,KPI002,Quality Score,15,90,90,92.1,92.1,15.35,Met,94.94,Completed
Sep-Oct 2026,EMP017,Suresh,Sales,Assistant Manager,KPI003,Attendance,10,26,85,21.8,83.9,9.87,Partially Met,94.94,Completed
Sep-Oct 2026,EMP017,Suresh,Sales,Assistant Manager,KPI004,SLA Compliance,10,100,95,86.4,86.4,9.09,Partially Met,94.94,Completed
Sep-Oct 2026,EMP017,Suresh,Sales,Assistant Manager,KPI005,Customer Satisfaction,10,95,95,81.5,81.5,8.58,Partially Met,94.94,Completed
Sep-Oct 2026,EMP017,Suresh,Sales,Assistant Manager,KPI006,Error Rate,10,3,3,3.4,88.2,12,Met,94.94,Completed
Sep-Oct 2026,EMP017,Suresh,Sales,Assistant Manager,KPI007,Timeliness,10,95,95,82.7,82.7,8.71,Partially Met,94.94,Completed
Sep-Oct 2026,EMP017,Suresh,Sales,Assistant Manager,KPI008,Process Compliance,10,95,95,94,94,9.89,Partially Met,94.94,Completed
Sep-Oct 2026,EMP017,Suresh,Sales,Assistant Manager,KPI009,Training Completion,5,100,85,79.2,79.2,4.66,Partially Met,94.94,Completed
Sep-Oct 2026,EMP017,Suresh,Sales,Assistant Manager,KPI010,Documentation Accuracy,5,90,90,75,75,4.17,Partially Met,94.94,Completed
Sep-Oct 2026,EMP018,Meera,Finance,Team Lead,KPI001,Productivity,15,85,85,86.3,86.3,15.23,Met,101.8,Completed
Sep-Oct 2026,EMP018,Meera,Finance,Team Lead,KPI002,Quality Score,15,85,85,85.9,85.9,15.16,Met,101.8,Completed
Sep-Oct 2026,EMP018,Meera,Finance,Team Lead,KPI003,Attendance,10,26,90,22.6,86.9,9.66,Partially Met,101.8,Completed
Sep-Oct 2026,EMP018,Meera,Finance,Team Lead,KPI004,SLA Compliance,10,100,90,92.1,92.1,10.23,Met,101.8,Completed
Sep-Oct 2026,EMP018,Meera,Finance,Team Lead,KPI005,Customer Satisfaction,10,85,85,90.1,90.1,10.6,Met,101.8,Completed
Sep-Oct 2026,EMP018,Meera,Finance,Team Lead,KPI006,Error Rate,10,7,7,6.59,106.2,12,Met,101.8,Completed
Sep-Oct 2026,EMP018,Meera,Finance,Team Lead,KPI007,Timeliness,10,90,90,89.3,89.3,9.92,Partially Met,101.8,Completed
Sep-Oct 2026,EMP018,Meera,Finance,Team Lead,KPI008,Process Compliance,10,95,95,97.8,97.8,10.29,Met,101.8,Completed
Sep-Oct 2026,EMP018,Meera,Finance,Team Lead,KPI009,Training Completion,5,100,95,84.3,84.3,4.44,Partially Met,101.8,Completed
Sep-Oct 2026,EMP018,Meera,Finance,Team Lead,KPI010,Documentation Accuracy,5,95,95,81.2,81.2,4.27,Partially Met,101.8,Completed
Sep-Oct 2026,EMP019,Ajay,Customer Support,Senior Executive,KPI001,Productivity,15,85,85,88.2,88.2,15.56,Met,97.4,Completed
Sep-Oct 2026,EMP019,Ajay,Customer Support,Senior Executive,KPI002,Quality Score,15,85,85,80,80,14.12,Partially Met,97.4,Completed
Sep-Oct 2026,EMP019,Ajay,Customer Support,Senior Executive,KPI003,Attendance,10,26,95,22.6,87.1,9.17,Partially Met,97.4,Completed
Sep-Oct 2026,EMP019,Ajay,Customer Support,Senior Executive,KPI004,SLA Compliance,10,100,90,94.2,94.2,10.47,Met,97.4,Completed
Sep-Oct 2026,EMP019,Ajay,Customer Support,Senior Executive,KPI005,Customer Satisfaction,10,95,95,81,81,8.53,Partially Met,97.4,Completed
Sep-Oct 2026,EMP019,Ajay,Customer Support,Senior Executive,KPI006,Error Rate,10,5,5,5.76,86.8,12,Met,97.4,Completed
Sep-Oct 2026,EMP019,Ajay,Customer Support,Senior Executive,KPI007,Timeliness,10,95,95,85.6,85.6,9.01,Partially Met,97.4,Completed
Sep-Oct 2026,EMP019,Ajay,Customer Support,Senior Executive,KPI008,Process Compliance,10,85,85,79.9,79.9,9.4,Partially Met,97.4,Completed
Sep-Oct 2026,EMP019,Ajay,Customer Support,Senior Executive,KPI009,Training Completion,5,100,90,84.2,84.2,4.68,Partially Met,97.4,Completed
Sep-Oct 2026,EMP019,Ajay,Customer Support,Senior Executive,KPI010,Documentation Accuracy,5,90,90,80.2,80.2,4.46,Partially Met,97.4,Completed
Sep-Oct 2026,EMP020,Simran,Quality Assurance,Team Lead,KPI001,Productivity,15,95,95,106.2,106.2,16.77,Met,105.26,Completed
Sep-Oct 2026,EMP020,Simran,Quality Assurance,Team Lead,KPI002,Quality Score,15,90,90,87.6,87.6,14.6,Partially Met,105.26,Completed
Sep-Oct 2026,EMP020,Simran,Quality Assurance,Team Lead,KPI003,Attendance,10,26,85,23.8,91.7,10.79,Met,105.26,Completed
Sep-Oct 2026,EMP020,Simran,Quality Assurance,Team Lead,KPI004,SLA Compliance,10,100,90,95,95,10.56,Met,105.26,Completed
Sep-Oct 2026,EMP020,Simran,Quality Assurance,Team Lead,KPI005,Customer Satisfaction,10,95,95,94.6,94.6,9.96,Partially Met,105.26,Completed
Sep-Oct 2026,EMP020,Simran,Quality Assurance,Team Lead,KPI006,Error Rate,10,3,3,2.99,100.3,12,Met,105.26,Completed
Sep-Oct 2026,EMP020,Simran,Quality Assurance,Team Lead,KPI007,Timeliness,10,95,95,93.3,93.3,9.82,Partially Met,105.26,Completed
Sep-Oct 2026,EMP020,Simran,Quality Assurance,Team Lead,KPI008,Process Compliance,10,95,95,99.4,99.4,10.46,Met,105.26,Completed
Sep-Oct 2026,EMP020,Simran,Quality Assurance,Team Lead,KPI009,Training Completion,5,100,90,95.7,95.7,5.32,Met,105.26,Completed
Sep-Oct 2026,EMP020,Simran,Quality Assurance,Team Lead,KPI010,Documentation Accuracy,5,90,90,89.6,89.6,4.98,Partially Met,105.26,Completed
Sep-Oct 2026,EMP021,Vivek,Operations,Executive,KPI001,Productivity,15,90,90,84.5,84.5,14.08,Partially Met,97.21,Completed
Sep-Oct 2026,EMP021,Vivek,Operations,Executive,KPI002,Quality Score,15,95,95,82.6,82.6,13.04,Partially Met,97.21,Completed
Sep-Oct 2026,EMP021,Vivek,Operations,Executive,KPI003,Attendance,10,26,85,19.8,76.3,8.98,Partially Met,97.21,Completed
Sep-Oct 2026,EMP021,Vivek,Operations,Executive,KPI004,SLA Compliance,10,100,85,73,73,8.59,Partially Met,97.21,Completed
Sep-Oct 2026,EMP021,Vivek,Operations,Executive,KPI005,Customer Satisfaction,10,95,95,95.9,95.9,10.09,Met,97.21,Completed
Sep-Oct 2026,EMP021,Vivek,Operations,Executive,KPI006,Error Rate,10,3,3,3.41,88,12,Met,97.21,Completed
Sep-Oct 2026,EMP021,Vivek,Operations,Executive,KPI007,Timeliness,10,85,85,83,83,9.76,Partially Met,97.21,Completed
Sep-Oct 2026,EMP021,Vivek,Operations,Executive,KPI008,Process Compliance,10,95,95,93.1,93.1,9.8,Partially Met,97.21,Completed
Sep-Oct 2026,EMP021,Vivek,Operations,Executive,KPI009,Training Completion,5,100,95,100.8,100.8,5.31,Met,97.21,Completed
Sep-Oct 2026,EMP021,Vivek,Operations,Executive,KPI010,Documentation Accuracy,5,90,90,100,100,5.56,Met,97.21,Completed
Sep-Oct 2026,EMP022,Nisha,IT,Executive,KPI001,Productivity,15,90,90,95.6,95.6,15.93,Met,107.29,Completed
Sep-Oct 2026,EMP022,Nisha,IT,Executive,KPI002,Quality Score,15,90,90,92.3,92.3,15.38,Met,107.29,Completed
Sep-Oct 2026,EMP022,Nisha,IT,Executive,KPI003,Attendance,10,26,85,22,84.8,9.98,Partially Met,107.29,Completed
Sep-Oct 2026,EMP022,Nisha,IT,Executive,KPI004,SLA Compliance,10,100,85,92.8,92.8,10.92,Met,107.29,Completed
Sep-Oct 2026,EMP022,Nisha,IT,Executive,KPI005,Customer Satisfaction,10,85,85,97.4,97.4,11.46,Met,107.29,Completed
Sep-Oct 2026,EMP022,Nisha,IT,Executive,KPI006,Error Rate,10,3,3,2.94,102,12,Met,107.29,Completed
Sep-Oct 2026,EMP022,Nisha,IT,Executive,KPI007,Timeliness,10,90,90,96,96,10.67,Met,107.29,Completed
Sep-Oct 2026,EMP022,Nisha,IT,Executive,KPI008,Process Compliance,10,85,85,92,92,10.82,Met,107.29,Completed
Sep-Oct 2026,EMP022,Nisha,IT,Executive,KPI009,Training Completion,5,100,95,105.4,105.4,5.55,Met,107.29,Completed
Sep-Oct 2026,EMP022,Nisha,IT,Executive,KPI010,Documentation Accuracy,5,90,90,82.4,82.4,4.58,Partially Met,107.29,Completed
Sep-Oct 2026,EMP023,Deepak,Finance,Team Lead,KPI001,Productivity,15,95,95,96.6,96.6,15.25,Met,106.61,Completed
Sep-Oct 2026,EMP023,Deepak,Finance,Team Lead,KPI002,Quality Score,15,90,90,97.2,97.2,16.2,Met,106.61,Completed
Sep-Oct 2026,EMP023,Deepak,Finance,Team Lead,KPI003,Attendance,10,26,85,22.6,87,10.24,Met,106.61,Completed
Sep-Oct 2026,EMP023,Deepak,Finance,Team Lead,KPI004,SLA Compliance,10,100,85,92.2,92.2,10.85,Met,106.61,Completed
Sep-Oct 2026,EMP023,Deepak,Finance,Team Lead,KPI005,Customer Satisfaction,10,85,85,87,87,10.24,Met,106.61,Completed
Sep-Oct 2026,EMP023,Deepak,Finance,Team Lead,KPI006,Error Rate,10,5,5,4.82,103.7,12,Met,106.61,Completed
Sep-Oct 2026,EMP023,Deepak,Finance,Team Lead,KPI007,Timeliness,10,85,85,89.7,89.7,10.55,Met,106.61,Completed
Sep-Oct 2026,EMP023,Deepak,Finance,Team Lead,KPI008,Process Compliance,10,90,90,95.3,95.3,10.59,Met,106.61,Completed
Sep-Oct 2026,EMP023,Deepak,Finance,Team Lead,KPI009,Training Completion,5,100,85,90.9,90.9,5.35,Met,106.61,Completed
Sep-Oct 2026,EMP023,Deepak,Finance,Team Lead,KPI010,Documentation Accuracy,5,85,85,90.8,90.8,5.34,Met,106.61,Completed
Sep-Oct 2026,EMP024,Anita,HR,Team Lead,KPI001,Productivity,15,95,95,91.6,91.6,14.46,Partially Met,95.77,Completed
Sep-Oct 2026,EMP024,Anita,HR,Team Lead,KPI002,Quality Score,15,85,85,83.4,83.4,14.72,Partially Met,95.77,Completed
Sep-Oct 2026,EMP024,Anita,HR,Team Lead,KPI003,Attendance,10,26,85,22,84.6,9.95,Partially Met,95.77,Completed
Sep-Oct 2026,EMP024,Anita,HR,Team Lead,KPI004,SLA Compliance,10,100,85,73.9,73.9,8.69,Partially Met,95.77,Completed
Sep-Oct 2026,EMP024,Anita,HR,Team Lead,KPI005,Customer Satisfaction,10,85,85,69.7,69.7,8.2,Partially Met,95.77,Completed
Sep-Oct 2026,EMP024,Anita,HR,Team Lead,KPI006,Error Rate,10,5,5,5.58,89.6,12,Met,95.77,Completed
Sep-Oct 2026,EMP024,Anita,HR,Team Lead,KPI007,Timeliness,10,90,90,75.3,75.3,8.37,Partially Met,95.77,Completed
Sep-Oct 2026,EMP024,Anita,HR,Team Lead,KPI008,Process Compliance,10,85,85,86.3,86.3,10.15,Met,95.77,Completed
Sep-Oct 2026,EMP024,Anita,HR,Team Lead,KPI009,Training Completion,5,100,85,79.2,79.2,4.66,Partially Met,95.77,Completed
Sep-Oct 2026,EMP024,Anita,HR,Team Lead,KPI010,Documentation Accuracy,5,95,95,86.9,86.9,4.57,Partially Met,95.77,Completed
Sep-Oct 2026,EMP025,Ramesh,Quality Assurance,Executive,KPI001,Productivity,15,90,90,74.9,74.9,12.48,Partially Met,96.71,Completed
Sep-Oct 2026,EMP025,Ramesh,Quality Assurance,Executive,KPI002,Quality Score,15,90,90,79.6,79.6,13.27,Partially Met,96.71,Completed
Sep-Oct 2026,EMP025,Ramesh,Quality Assurance,Executive,KPI003,Attendance,10,26,95,24.5,94.2,9.92,Partially Met,96.71,Completed
Sep-Oct 2026,EMP025,Ramesh,Quality Assurance,Executive,KPI004,SLA Compliance,10,100,85,84.9,84.9,9.99,Partially Met,96.71,Completed
Sep-Oct 2026,EMP025,Ramesh,Quality Assurance,Executive,KPI005,Customer Satisfaction,10,95,95,98.8,98.8,10.4,Met,96.71,Completed
Sep-Oct 2026,EMP025,Ramesh,Quality Assurance,Executive,KPI006,Error Rate,10,5,5,5.16,96.9,12,Met,96.71,Completed
Sep-Oct 2026,EMP025,Ramesh,Quality Assurance,Executive,KPI007,Timeliness,10,90,90,77.1,77.1,8.57,Partially Met,96.71,Completed
Sep-Oct 2026,EMP025,Ramesh,Quality Assurance,Executive,KPI008,Process Compliance,10,85,85,87.7,87.7,10.32,Met,96.71,Completed
Sep-Oct 2026,EMP025,Ramesh,Quality Assurance,Executive,KPI009,Training Completion,5,100,90,95.5,95.5,5.31,Met,96.71,Completed
Sep-Oct 2026,EMP025,Ramesh,Quality Assurance,Executive,KPI010,Documentation Accuracy,5,85,85,75.7,75.7,4.45,Partially Met,96.71,Completed
Sep-Oct 2026,EMP026,Shalini,Sales,Assistant Manager,KPI001,Productivity,15,85,85,87.1,87.1,15.37,Met,100.58,Completed
Sep-Oct 2026,EMP026,Shalini,Sales,Assistant Manager,KPI002,Quality Score,15,95,95,105.2,105.2,16.61,Met,100.58,Completed
Sep-Oct 2026,EMP026,Shalini,Sales,Assistant Manager,KPI003,Attendance,10,26,90,22.5,86.6,9.62,Partially Met,100.58,Completed
Sep-Oct 2026,EMP026,Shalini,Sales,Assistant Manager,KPI004,SLA Compliance,10,100,90,81.1,81.1,9.01,Partially Met,100.58,Completed
Sep-Oct 2026,EMP026,Shalini,Sales,Assistant Manager,KPI005,Customer Satisfaction,10,90,90,81.2,81.2,9.02,Partially Met,100.58,Completed
Sep-Oct 2026,EMP026,Shalini,Sales,Assistant Manager,KPI006,Error Rate,10,7,7,8.45,82.8,12,Met,100.58,Completed
Sep-Oct 2026,EMP026,Shalini,Sales,Assistant Manager,KPI007,Timeliness,10,85,85,81.1,81.1,9.54,Partially Met,100.58,Completed
Sep-Oct 2026,EMP026,Shalini,Sales,Assistant Manager,KPI008,Process Compliance,10,90,90,92.6,92.6,10.29,Met,100.58,Completed
Sep-Oct 2026,EMP026,Shalini,Sales,Assistant Manager,KPI009,Training Completion,5,100,85,81.3,81.3,4.78,Partially Met,100.58,Completed
Sep-Oct 2026,EMP026,Shalini,Sales,Assistant Manager,KPI010,Documentation Accuracy,5,95,95,82.4,82.4,4.34,Partially Met,100.58,Completed
Sep-Oct 2026,EMP027,Nikhil,HR,Executive,KPI001,Productivity,15,95,95,105.6,105.6,16.67,Met,107.65,Completed
Sep-Oct 2026,EMP027,Nikhil,HR,Executive,KPI002,Quality Score,15,90,90,85.6,85.6,14.27,Partially Met,107.65,Completed
Sep-Oct 2026,EMP027,Nikhil,HR,Executive,KPI003,Attendance,10,26,90,25,96.2,10.69,Met,107.65,Completed
Sep-Oct 2026,EMP027,Nikhil,HR,Executive,KPI004,SLA Compliance,10,100,85,97.8,97.8,11.51,Met,107.65,Completed
Sep-Oct 2026,EMP027,Nikhil,HR,Executive,KPI005,Customer Satisfaction,10,95,95,105.1,105.1,11.06,Met,107.65,Completed
Sep-Oct 2026,EMP027,Nikhil,HR,Executive,KPI006,Error Rate,10,3,3,2.8,107.1,12,Met,107.65,Completed
Sep-Oct 2026,EMP027,Nikhil,HR,Executive,KPI007,Timeliness,10,95,95,101.2,101.2,10.65,Met,107.65,Completed
Sep-Oct 2026,EMP027,Nikhil,HR,Executive,KPI008,Process Compliance,10,95,95,100.4,100.4,10.57,Met,107.65,Completed
Sep-Oct 2026,EMP027,Nikhil,HR,Executive,KPI009,Training Completion,5,100,85,84.2,84.2,4.95,Partially Met,107.65,Completed
Sep-Oct 2026,EMP027,Nikhil,HR,Executive,KPI010,Documentation Accuracy,5,90,90,95,95,5.28,Met,107.65,Completed
Sep-Oct 2026,EMP028,Swati,IT,Executive,KPI001,Productivity,15,85,85,83.5,83.5,14.74,Partially Met,100.36,Completed
Sep-Oct 2026,EMP028,Swati,IT,Executive,KPI002,Quality Score,15,90,90,100.3,100.3,16.72,Met,100.36,Completed
Sep-Oct 2026,EMP028,Swati,IT,Executive,KPI003,Attendance,10,26,95,23.6,90.6,9.54,Partially Met,100.36,Completed
Sep-Oct 2026,EMP028,Swati,IT,Executive,KPI004,SLA Compliance,10,100,90,90.3,90.3,10.03,Met,100.36,Completed
Sep-Oct 2026,EMP028,Swati,IT,Executive,KPI005,Customer Satisfaction,10,90,90,79.3,79.3,8.81,Partially Met,100.36,Completed
Sep-Oct 2026,EMP028,Swati,IT,Executive,KPI006,Error Rate,10,5,5,5.58,89.6,12,Met,100.36,Completed
Sep-Oct 2026,EMP028,Swati,IT,Executive,KPI007,Timeliness,10,85,85,74.5,74.5,8.76,Partially Met,100.36,Completed
Sep-Oct 2026,EMP028,Swati,IT,Executive,KPI008,Process Compliance,10,90,90,85.9,85.9,9.54,Partially Met,100.36,Completed
Sep-Oct 2026,EMP028,Swati,IT,Executive,KPI009,Training Completion,5,100,95,102.5,102.5,5.39,Met,100.36,Completed
Sep-Oct 2026,EMP028,Swati,IT,Executive,KPI010,Documentation Accuracy,5,85,85,82.1,82.1,4.83,Partially Met,100.36,Completed
Sep-Oct 2026,EMP029,Gaurav,HR,Team Lead,KPI001,Productivity,15,90,90,80.3,80.3,13.38,Partially Met,96.75,Completed
Sep-Oct 2026,EMP029,Gaurav,HR,Team Lead,KPI002,Quality Score,15,90,90,84.6,84.6,14.1,Partially Met,96.75,Completed
Sep-Oct 2026,EMP029,Gaurav,HR,Team Lead,KPI003,Attendance,10,26,85,21.7,83.6,9.84,Partially Met,96.75,Completed
Sep-Oct 2026,EMP029,Gaurav,HR,Team Lead,KPI004,SLA Compliance,10,100,95,75.1,75.1,7.91,Not Met,96.75,Completed
Sep-Oct 2026,EMP029,Gaurav,HR,Team Lead,KPI005,Customer Satisfaction,10,95,95,107.2,107.2,11.28,Met,96.75,Completed
Sep-Oct 2026,EMP029,Gaurav,HR,Team Lead,KPI006,Error Rate,10,5,5,5.39,92.8,12,Met,96.75,Completed
Sep-Oct 2026,EMP029,Gaurav,HR,Team Lead,KPI007,Timeliness,10,85,85,74.4,74.4,8.75,Partially Met,96.75,Completed
Sep-Oct 2026,EMP029,Gaurav,HR,Team Lead,KPI008,Process Compliance,10,85,85,83.6,83.6,9.84,Partially Met,96.75,Completed
Sep-Oct 2026,EMP029,Gaurav,HR,Team Lead,KPI009,Training Completion,5,100,85,81.8,81.8,4.81,Partially Met,96.75,Completed
Sep-Oct 2026,EMP029,Gaurav,HR,Team Lead,KPI010,Documentation Accuracy,5,85,85,82.3,82.3,4.84,Partially Met,96.75,Completed
Sep-Oct 2026,EMP030,Preeti,Quality Assurance,Manager,KPI001,Productivity,15,90,90,91.5,91.5,15.25,Met,105.3,Completed
Sep-Oct 2026,EMP030,Preeti,Quality Assurance,Manager,KPI002,Quality Score,15,95,95,95.7,95.7,15.11,Met,105.3,Completed
Sep-Oct 2026,EMP030,Preeti,Quality Assurance,Manager,KPI003,Attendance,10,26,95,25.3,97.5,10.26,Met,105.3,Completed
Sep-Oct 2026,EMP030,Preeti,Quality Assurance,Manager,KPI004,SLA Compliance,10,100,90,96.7,96.7,10.74,Met,105.3,Completed
Sep-Oct 2026,EMP030,Preeti,Quality Assurance,Manager,KPI005,Customer Satisfaction,10,85,85,85.2,85.2,10.02,Met,105.3,Completed
Sep-Oct 2026,EMP030,Preeti,Quality Assurance,Manager,KPI006,Error Rate,10,3,3,2.78,107.9,12,Met,105.3,Completed
Sep-Oct 2026,EMP030,Preeti,Quality Assurance,Manager,KPI007,Timeliness,10,95,95,100.3,100.3,10.56,Met,105.3,Completed
Sep-Oct 2026,EMP030,Preeti,Quality Assurance,Manager,KPI008,Process Compliance,10,85,85,94.7,94.7,11.14,Met,105.3,Completed
Sep-Oct 2026,EMP030,Preeti,Quality Assurance,Manager,KPI009,Training Completion,5,100,85,87.8,87.8,5.16,Met,105.3,Completed
Sep-Oct 2026,EMP030,Preeti,Quality Assurance,Manager,KPI010,Documentation Accuracy,5,95,95,96.2,96.2,5.06,Met,105.3,Completed
Sep-Oct 2026,EMP031,Rajesh,Quality Assurance,Team Lead,KPI001,Productivity,15,95,95,80,80,12.63,Partially Met,100.18,Completed
Sep-Oct 2026,EMP031,Rajesh,Quality Assurance,Team Lead,KPI002,Quality Score,15,90,90,87.2,87.2,14.53,Partially Met,100.18,Completed
Sep-Oct 2026,EMP031,Rajesh,Quality Assurance,Team Lead,KPI003,Attendance,10,26,85,20.9,80.2,9.44,Partially Met,100.18,Completed
Sep-Oct 2026,EMP031,Rajesh,Quality Assurance,Team Lead,KPI004,SLA Compliance,10,100,90,101.8,101.8,11.31,Met,100.18,Completed
Sep-Oct 2026,EMP031,Rajesh,Quality Assurance,Team Lead,KPI005,Customer Satisfaction,10,95,95,101.4,101.4,10.67,Met,100.18,Completed
Sep-Oct 2026,EMP031,Rajesh,Quality Assurance,Team Lead,KPI006,Error Rate,10,5,5,5.57,89.8,12,Met,100.18,Completed
Sep-Oct 2026,EMP031,Rajesh,Quality Assurance,Team Lead,KPI007,Timeliness,10,90,90,96.3,96.3,10.7,Met,100.18,Completed
Sep-Oct 2026,EMP031,Rajesh,Quality Assurance,Team Lead,KPI008,Process Compliance,10,95,95,87.5,87.5,9.21,Partially Met,100.18,Completed
Sep-Oct 2026,EMP031,Rajesh,Quality Assurance,Team Lead,KPI009,Training Completion,5,100,95,97.2,97.2,5.12,Met,100.18,Completed
Sep-Oct 2026,EMP031,Rajesh,Quality Assurance,Team Lead,KPI010,Documentation Accuracy,5,90,90,82.2,82.2,4.57,Partially Met,100.18,Completed
Sep-Oct 2026,EMP032,Komal,HR,Senior Executive,KPI001,Productivity,15,90,90,88.1,88.1,14.68,Partially Met,105.42,Completed
Sep-Oct 2026,EMP032,Komal,HR,Senior Executive,KPI002,Quality Score,15,90,90,97.9,97.9,16.32,Met,105.42,Completed
Sep-Oct 2026,EMP032,Komal,HR,Senior Executive,KPI003,Attendance,10,26,85,22.2,85.4,10.05,Met,105.42,Completed
Sep-Oct 2026,EMP032,Komal,HR,Senior Executive,KPI004,SLA Compliance,10,100,85,87.1,87.1,10.25,Met,105.42,Completed
Sep-Oct 2026,EMP032,Komal,HR,Senior Executive,KPI005,Customer Satisfaction,10,95,95,100.9,100.9,10.62,Met,105.42,Completed
Sep-Oct 2026,EMP032,Komal,HR,Senior Executive,KPI006,Error Rate,10,5,5,4.51,110.9,12,Met,105.42,Completed
Sep-Oct 2026,EMP032,Komal,HR,Senior Executive,KPI007,Timeliness,10,85,85,90.9,90.9,10.69,Met,105.42,Completed
Sep-Oct 2026,EMP032,Komal,HR,Senior Executive,KPI008,Process Compliance,10,90,90,92.7,92.7,10.3,Met,105.42,Completed
Sep-Oct 2026,EMP032,Komal,HR,Senior Executive,KPI009,Training Completion,5,100,90,90.5,90.5,5.03,Met,105.42,Completed
Sep-Oct 2026,EMP032,Komal,HR,Senior Executive,KPI010,Documentation Accuracy,5,90,90,98.7,98.7,5.48,Met,105.42,Completed
Sep-Oct 2026,EMP033,Harish,Sales,Executive,KPI001,Productivity,15,95,95,93.6,93.6,14.78,Partially Met,103.62,Completed
Sep-Oct 2026,EMP033,Harish,Sales,Executive,KPI002,Quality Score,15,95,95,94.4,94.4,14.91,Partially Met,103.62,Completed
Sep-Oct 2026,EMP033,Harish,Sales,Executive,KPI003,Attendance,10,26,90,22.5,86.6,9.62,Partially Met,103.62,Completed
Sep-Oct 2026,EMP033,Harish,Sales,Executive,KPI004,SLA Compliance,10,100,90,92.6,92.6,10.29,Met,103.62,Completed
Sep-Oct 2026,EMP033,Harish,Sales,Executive,KPI005,Customer Satisfaction,10,90,90,90.9,90.9,10.1,Met,103.62,Completed
Sep-Oct 2026,EMP033,Harish,Sales,Executive,KPI006,Error Rate,10,5,5,4.86,102.9,12,Met,103.62,Completed
Sep-Oct 2026,EMP033,Harish,Sales,Executive,KPI007,Timeliness,10,90,90,101,101,11.22,Met,103.62,Completed
Sep-Oct 2026,EMP033,Harish,Sales,Executive,KPI008,Process Compliance,10,85,85,88.8,88.8,10.45,Met,103.62,Completed
Sep-Oct 2026,EMP033,Harish,Sales,Executive,KPI009,Training Completion,5,100,95,95.5,95.5,5.03,Met,103.62,Completed
Sep-Oct 2026,EMP033,Harish,Sales,Executive,KPI010,Documentation Accuracy,5,85,85,88.8,88.8,5.22,Met,103.62,Completed
Sep-Oct 2026,EMP034,Payal,Operations,Senior Executive,KPI001,Productivity,15,85,85,70.3,70.3,12.41,Partially Met,86.4,Completed
Sep-Oct 2026,EMP034,Payal,Operations,Senior Executive,KPI002,Quality Score,15,90,90,84.8,84.8,14.13,Partially Met,86.4,Completed
Sep-Oct 2026,EMP034,Payal,Operations,Senior Executive,KPI003,Attendance,10,26,90,19.6,75.5,8.39,Partially Met,86.4,Completed
Sep-Oct 2026,EMP034,Payal,Operations,Senior Executive,KPI004,SLA Compliance,10,100,85,67.1,67.1,7.89,Not Met,86.4,Completed
Sep-Oct 2026,EMP034,Payal,Operations,Senior Executive,KPI005,Customer Satisfaction,10,85,85,74,74,8.71,Partially Met,86.4,Completed
Sep-Oct 2026,EMP034,Payal,Operations,Senior Executive,KPI006,Error Rate,10,5,5,6.19,80.8,12,Met,86.4,Completed
Sep-Oct 2026,EMP034,Payal,Operations,Senior Executive,KPI007,Timeliness,10,85,85,63,63,7.41,Not Met,86.4,Completed
Sep-Oct 2026,EMP034,Payal,Operations,Senior Executive,KPI008,Process Compliance,10,85,85,58.4,58.4,6.87,Not Met,86.4,Completed
Sep-Oct 2026,EMP034,Payal,Operations,Senior Executive,KPI009,Training Completion,5,100,90,74.6,74.6,4.14,Partially Met,86.4,Completed
Sep-Oct 2026,EMP034,Payal,Operations,Senior Executive,KPI010,Documentation Accuracy,5,95,95,84.6,84.6,4.45,Partially Met,86.4,Completed
Sep-Oct 2026,EMP035,Sandeep,Quality Assurance,Team Lead,KPI001,Productivity,15,95,95,67.4,67.4,10.64,Not Met,79.41,Completed
Sep-Oct 2026,EMP035,Sandeep,Quality Assurance,Team Lead,KPI002,Quality Score,15,90,90,54.4,54.4,9.07,Not Met,79.41,Completed
Sep-Oct 2026,EMP035,Sandeep,Quality Assurance,Team Lead,KPI003,Attendance,10,26,95,21.4,82.2,8.65,Partially Met,79.41,Completed
Sep-Oct 2026,EMP035,Sandeep,Quality Assurance,Team Lead,KPI004,SLA Compliance,10,100,95,72.9,72.9,7.67,Not Met,79.41,Completed
Sep-Oct 2026,EMP035,Sandeep,Quality Assurance,Team Lead,KPI005,Customer Satisfaction,10,90,90,55.9,55.9,6.21,Not Met,79.41,Completed
Sep-Oct 2026,EMP035,Sandeep,Quality Assurance,Team Lead,KPI006,Error Rate,10,7,7,9.11,76.8,12,Met,79.41,Completed
Sep-Oct 2026,EMP035,Sandeep,Quality Assurance,Team Lead,KPI007,Timeliness,10,85,85,70.4,70.4,8.28,Partially Met,79.41,Completed
Sep-Oct 2026,EMP035,Sandeep,Quality Assurance,Team Lead,KPI008,Process Compliance,10,95,95,77,77,8.11,Partially Met,79.41,Completed
Sep-Oct 2026,EMP035,Sandeep,Quality Assurance,Team Lead,KPI009,Training Completion,5,100,90,78.9,78.9,4.38,Partially Met,79.41,Completed
Sep-Oct 2026,EMP035,Sandeep,Quality Assurance,Team Lead,KPI010,Documentation Accuracy,5,90,90,79.2,79.2,4.4,Partially Met,79.41,Completed
Sep-Oct 2026,EMP036,Yamini,Operations,Senior Executive,KPI001,Productivity,15,85,85,66,66,11.65,Not Met,86.38,Completed
Sep-Oct 2026,EMP036,Yamini,Operations,Senior Executive,KPI002,Quality Score,15,90,90,68.9,68.9,11.48,Not Met,86.38,Completed
Sep-Oct 2026,EMP036,Yamini,Operations,Senior Executive,KPI003,Attendance,10,26,90,21.7,83.6,9.29,Partially Met,86.38,Completed
Sep-Oct 2026,EMP036,Yamini,Operations,Senior Executive,KPI004,SLA Compliance,10,100,85,73.7,73.7,8.67,Partially Met,86.38,Completed
Sep-Oct 2026,EMP036,Yamini,Operations,Senior Executive,KPI005,Customer Satisfaction,10,85,85,90.7,90.7,10.67,Met,86.38,Completed
Sep-Oct 2026,EMP036,Yamini,Operations,Senior Executive,KPI006,Error Rate,10,5,5,5.75,87,12,Met,86.38,Completed
Sep-Oct 2026,EMP036,Yamini,Operations,Senior Executive,KPI007,Timeliness,10,90,90,73.9,73.9,8.21,Partially Met,86.38,Completed
Sep-Oct 2026,EMP036,Yamini,Operations,Senior Executive,KPI008,Process Compliance,10,85,85,58.5,58.5,6.88,Not Met,86.38,Completed
Sep-Oct 2026,EMP036,Yamini,Operations,Senior Executive,KPI009,Training Completion,5,100,90,70.5,70.5,3.92,Not Met,86.38,Completed
Sep-Oct 2026,EMP036,Yamini,Operations,Senior Executive,KPI010,Documentation Accuracy,5,85,85,61.3,61.3,3.61,Not Met,86.38,Completed
Sep-Oct 2026,EMP037,Ashok,Quality Assurance,Executive,KPI001,Productivity,15,90,90,75.5,75.5,12.58,Partially Met,96.53,Completed
Sep-Oct 2026,EMP037,Ashok,Quality Assurance,Executive,KPI002,Quality Score,15,85,85,81,81,14.29,Partially Met,96.53,Completed
Sep-Oct 2026,EMP037,Ashok,Quality Assurance,Executive,KPI003,Attendance,10,26,85,22.1,85.1,10.01,Met,96.53,Completed
Sep-Oct 2026,EMP037,Ashok,Quality Assurance,Executive,KPI004,SLA Compliance,10,100,85,78,78,9.18,Partially Met,96.53,Completed
Sep-Oct 2026,EMP037,Ashok,Quality Assurance,Executive,KPI005,Customer Satisfaction,10,95,95,100.4,100.4,10.57,Met,96.53,Completed
Sep-Oct 2026,EMP037,Ashok,Quality Assurance,Executive,KPI006,Error Rate,10,7,7,7.95,88.1,12,Met,96.53,Completed
Sep-Oct 2026,EMP037,Ashok,Quality Assurance,Executive,KPI007,Timeliness,10,95,95,85.7,85.7,9.02,Partially Met,96.53,Completed
Sep-Oct 2026,EMP037,Ashok,Quality Assurance,Executive,KPI008,Process Compliance,10,95,95,89.8,89.8,9.45,Partially Met,96.53,Completed
Sep-Oct 2026,EMP037,Ashok,Quality Assurance,Executive,KPI009,Training Completion,5,100,90,86.4,86.4,4.8,Partially Met,96.53,Completed
Sep-Oct 2026,EMP037,Ashok,Quality Assurance,Executive,KPI010,Documentation Accuracy,5,85,85,78.7,78.7,4.63,Partially Met,96.53,Completed
Sep-Oct 2026,EMP038,Bhavna,IT,Team Lead,KPI001,Productivity,15,95,95,98,98,15.47,Met,105.02,Completed
Sep-Oct 2026,EMP038,Bhavna,IT,Team Lead,KPI002,Quality Score,15,85,85,88.4,88.4,15.6,Met,105.02,Completed
Sep-Oct 2026,EMP038,Bhavna,IT,Team Lead,KPI003,Attendance,10,26,90,23.9,91.9,10.21,Met,105.02,Completed
Sep-Oct 2026,EMP038,Bhavna,IT,Team Lead,KPI004,SLA Compliance,10,100,85,87.7,87.7,10.32,Met,105.02,Completed
Sep-Oct 2026,EMP038,Bhavna,IT,Team Lead,KPI005,Customer Satisfaction,10,95,95,97.2,97.2,10.23,Met,105.02,Completed
Sep-Oct 2026,EMP038,Bhavna,IT,Team Lead,KPI006,Error Rate,10,3,3,2.71,110.7,12,Met,105.02,Completed
Sep-Oct 2026,EMP038,Bhavna,IT,Team Lead,KPI007,Timeliness,10,90,90,90.7,90.7,10.08,Met,105.02,Completed
Sep-Oct 2026,EMP038,Bhavna,IT,Team Lead,KPI008,Process Compliance,10,95,95,99.7,99.7,10.49,Met,105.02,Completed
Sep-Oct 2026,EMP038,Bhavna,IT,Team Lead,KPI009,Training Completion,5,100,90,89.7,89.7,4.98,Partially Met,105.02,Completed
Sep-Oct 2026,EMP038,Bhavna,IT,Team Lead,KPI010,Documentation Accuracy,5,95,95,107.1,107.1,5.64,Met,105.02,Completed
Sep-Oct 2026,EMP039,Naveen,IT,Team Lead,KPI001,Productivity,15,90,90,88.9,88.9,14.82,Partially Met,97.01,Completed
Sep-Oct 2026,EMP039,Naveen,IT,Team Lead,KPI002,Quality Score,15,90,90,90.3,90.3,15.05,Met,97.01,Completed
Sep-Oct 2026,EMP039,Naveen,IT,Team Lead,KPI003,Attendance,10,26,85,21,80.6,9.48,Partially Met,97.01,Completed
Sep-Oct 2026,EMP039,Naveen,IT,Team Lead,KPI004,SLA Compliance,10,100,95,89.1,89.1,9.38,Partially Met,97.01,Completed
Sep-Oct 2026,EMP039,Naveen,IT,Team Lead,KPI005,Customer Satisfaction,10,85,85,77.5,77.5,9.12,Partially Met,97.01,Completed
Sep-Oct 2026,EMP039,Naveen,IT,Team Lead,KPI006,Error Rate,10,7,7,7.54,92.8,12,Met,97.01,Completed
Sep-Oct 2026,EMP039,Naveen,IT,Team Lead,KPI007,Timeliness,10,85,85,74.8,74.8,8.8,Partially Met,97.01,Completed
Sep-Oct 2026,EMP039,Naveen,IT,Team Lead,KPI008,Process Compliance,10,95,95,90,90,9.47,Partially Met,97.01,Completed
Sep-Oct 2026,EMP039,Naveen,IT,Team Lead,KPI009,Training Completion,5,100,95,78.7,78.7,4.14,Partially Met,97.01,Completed
Sep-Oct 2026,EMP039,Naveen,IT,Team Lead,KPI010,Documentation Accuracy,5,85,85,80.7,80.7,4.75,Partially Met,97.01,Completed
Sep-Oct 2026,EMP040,Rekha,Customer Support,Team Lead,KPI001,Productivity,15,90,90,90.1,90.1,15.02,Met,97.35,Completed
Sep-Oct 2026,EMP040,Rekha,Customer Support,Team Lead,KPI002,Quality Score,15,95,95,82,82,12.95,Partially Met,97.35,Completed
Sep-Oct 2026,EMP040,Rekha,Customer Support,Team Lead,KPI003,Attendance,10,26,85,22.6,86.8,10.21,Met,97.35,Completed
Sep-Oct 2026,EMP040,Rekha,Customer Support,Team Lead,KPI004,SLA Compliance,10,100,90,87.5,87.5,9.72,Partially Met,97.35,Completed
Sep-Oct 2026,EMP040,Rekha,Customer Support,Team Lead,KPI005,Customer Satisfaction,10,85,85,82.5,82.5,9.71,Partially Met,97.35,Completed
Sep-Oct 2026,EMP040,Rekha,Customer Support,Team Lead,KPI006,Error Rate,10,3,3,3,100,12,Met,97.35,Completed
Sep-Oct 2026,EMP040,Rekha,Customer Support,Team Lead,KPI007,Timeliness,10,85,85,82.7,82.7,9.73,Partially Met,97.35,Completed
Sep-Oct 2026,EMP040,Rekha,Customer Support,Team Lead,KPI008,Process Compliance,10,85,85,79.8,79.8,9.39,Partially Met,97.35,Completed
Sep-Oct 2026,EMP040,Rekha,Customer Support,Team Lead,KPI009,Training Completion,5,100,95,74.1,74.1,3.9,Not Met,97.35,Completed
Sep-Oct 2026,EMP040,Rekha,Customer Support,Team Lead,KPI010,Documentation Accuracy,5,90,90,84.9,84.9,4.72,Partially Met,97.35,Completed
Sep-Oct 2026,EMP041,Vinay,Finance,Senior Executive,KPI001,Productivity,15,85,85,87.4,87.4,15.42,Met,104.64,Completed
Sep-Oct 2026,EMP041,Vinay,Finance,Senior Executive,KPI002,Quality Score,15,85,85,90.8,90.8,16.02,Met,104.64,Completed
Sep-Oct 2026,EMP041,Vinay,Finance,Senior Executive,KPI003,Attendance,10,26,95,25.4,97.8,10.29,Met,104.64,Completed
Sep-Oct 2026,EMP041,Vinay,Finance,Senior Executive,KPI004,SLA Compliance,10,100,85,89.8,89.8,10.56,Met,104.64,Completed
Sep-Oct 2026,EMP041,Vinay,Finance,Senior Executive,KPI005,Customer Satisfaction,10,95,95,99,99,10.42,Met,104.64,Completed
Sep-Oct 2026,EMP041,Vinay,Finance,Senior Executive,KPI006,Error Rate,10,7,7,6.64,105.4,12,Met,104.64,Completed
Sep-Oct 2026,EMP041,Vinay,Finance,Senior Executive,KPI007,Timeliness,10,85,85,84.4,84.4,9.93,Partially Met,104.64,Completed
Sep-Oct 2026,EMP041,Vinay,Finance,Senior Executive,KPI008,Process Compliance,10,95,95,96.1,96.1,10.12,Met,104.64,Completed
Sep-Oct 2026,EMP041,Vinay,Finance,Senior Executive,KPI009,Training Completion,5,100,95,95.6,95.6,5.03,Met,104.64,Completed
Sep-Oct 2026,EMP041,Vinay,Finance,Senior Executive,KPI010,Documentation Accuracy,5,85,85,82.5,82.5,4.85,Partially Met,104.64,Completed
Sep-Oct 2026,EMP042,Sunita,Sales,Team Lead,KPI001,Productivity,15,90,90,80.5,80.5,13.42,Partially Met,95.93,Completed
Sep-Oct 2026,EMP042,Sunita,Sales,Team Lead,KPI002,Quality Score,15,85,85,79.9,79.9,14.1,Partially Met,95.93,Completed
Sep-Oct 2026,EMP042,Sunita,Sales,Team Lead,KPI003,Attendance,10,26,95,22.3,85.7,9.02,Partially Met,95.93,Completed
Sep-Oct 2026,EMP042,Sunita,Sales,Team Lead,KPI004,SLA Compliance,10,100,85,85,85,10,Met,95.93,Completed
Sep-Oct 2026,EMP042,Sunita,Sales,Team Lead,KPI005,Customer Satisfaction,10,90,90,80.1,80.1,8.9,Partially Met,95.93,Completed
Sep-Oct 2026,EMP042,Sunita,Sales,Team Lead,KPI006,Error Rate,10,3,3,2.97,101,12,Met,95.93,Completed
Sep-Oct 2026,EMP042,Sunita,Sales,Team Lead,KPI007,Timeliness,10,85,85,80.6,80.6,9.48,Partially Met,95.93,Completed
Sep-Oct 2026,EMP042,Sunita,Sales,Team Lead,KPI008,Process Compliance,10,95,95,94.1,94.1,9.91,Partially Met,95.93,Completed
Sep-Oct 2026,EMP042,Sunita,Sales,Team Lead,KPI009,Training Completion,5,100,90,80.6,80.6,4.48,Partially Met,95.93,Completed
Sep-Oct 2026,EMP042,Sunita,Sales,Team Lead,KPI010,Documentation Accuracy,5,95,95,87.8,87.8,4.62,Partially Met,95.93,Completed
Sep-Oct 2026,EMP043,Tarun,Sales,Executive,KPI001,Productivity,15,90,90,102,102,17,Met,109.99,Completed
Sep-Oct 2026,EMP043,Tarun,Sales,Executive,KPI002,Quality Score,15,95,95,109.2,109.2,17.24,Met,109.99,Completed
Sep-Oct 2026,EMP043,Tarun,Sales,Executive,KPI003,Attendance,10,26,90,24.4,93.8,10.42,Met,109.99,Completed
Sep-Oct 2026,EMP043,Tarun,Sales,Executive,KPI004,SLA Compliance,10,100,90,91.6,91.6,10.18,Met,109.99,Completed
Sep-Oct 2026,EMP043,Tarun,Sales,Executive,KPI005,Customer Satisfaction,10,95,95,99.6,99.6,10.48,Met,109.99,Completed
Sep-Oct 2026,EMP043,Tarun,Sales,Executive,KPI006,Error Rate,10,5,5,4.51,110.9,12,Met,109.99,Completed
Sep-Oct 2026,EMP043,Tarun,Sales,Executive,KPI007,Timeliness,10,90,90,98,98,10.89,Met,109.99,Completed
Sep-Oct 2026,EMP043,Tarun,Sales,Executive,KPI008,Process Compliance,10,90,90,96.1,96.1,10.68,Met,109.99,Completed
Sep-Oct 2026,EMP043,Tarun,Sales,Executive,KPI009,Training Completion,5,100,85,89.9,89.9,5.29,Met,109.99,Completed
Sep-Oct 2026,EMP043,Tarun,Sales,Executive,KPI010,Documentation Accuracy,5,85,85,98.8,98.8,5.81,Met,109.99,Completed
Sep-Oct 2026,EMP044,Kiran,HR,Senior Executive,KPI001,Productivity,15,85,85,77,77,13.59,Partially Met,86.07,Completed
Sep-Oct 2026,EMP044,Kiran,HR,Senior Executive,KPI002,Quality Score,15,95,95,72.4,72.4,11.43,Not Met,86.07,Completed
Sep-Oct 2026,EMP044,Kiran,HR,Senior Executive,KPI003,Attendance,10,26,95,22.3,85.9,9.04,Partially Met,86.07,Completed
Sep-Oct 2026,EMP044,Kiran,HR,Senior Executive,KPI004,SLA Compliance,10,100,85,62.8,62.8,7.39,Not Met,86.07,Completed
Sep-Oct 2026,EMP044,Kiran,HR,Senior Executive,KPI005,Customer Satisfaction,10,90,90,78.2,78.2,8.69,Partially Met,86.07,Completed
Sep-Oct 2026,EMP044,Kiran,HR,Senior Executive,KPI006,Error Rate,10,7,7,8.77,79.8,12,Met,86.07,Completed
Sep-Oct 2026,EMP044,Kiran,HR,Senior Executive,KPI007,Timeliness,10,95,95,68,68,7.16,Not Met,86.07,Completed
Sep-Oct 2026,EMP044,Kiran,HR,Senior Executive,KPI008,Process Compliance,10,90,90,78.3,78.3,8.7,Partially Met,86.07,Completed
Sep-Oct 2026,EMP044,Kiran,HR,Senior Executive,KPI009,Training Completion,5,100,90,77.4,77.4,4.3,Partially Met,86.07,Completed
Sep-Oct 2026,EMP044,Kiran,HR,Senior Executive,KPI010,Documentation Accuracy,5,95,95,71.7,71.7,3.77,Not Met,86.07,Completed
Sep-Oct 2026,EMP045,Manish,HR,Senior Executive,KPI001,Productivity,15,90,90,95.5,95.5,15.92,Met,106.82,Completed
Sep-Oct 2026,EMP045,Manish,HR,Senior Executive,KPI002,Quality Score,15,85,85,83.8,83.8,14.79,Partially Met,106.82,Completed
Sep-Oct 2026,EMP045,Manish,HR,Senior Executive,KPI003,Attendance,10,26,90,26,100,11.11,Met,106.82,Completed
Sep-Oct 2026,EMP045,Manish,HR,Senior Executive,KPI004,SLA Compliance,10,100,95,105.8,105.8,11.14,Met,106.82,Completed
Sep-Oct 2026,EMP045,Manish,HR,Senior Executive,KPI005,Customer Satisfaction,10,95,95,101.5,101.5,10.68,Met,106.82,Completed
Sep-Oct 2026,EMP045,Manish,HR,Senior Executive,KPI006,Error Rate,10,3,3,2.69,111.5,12,Met,106.82,Completed
Sep-Oct 2026,EMP045,Manish,HR,Senior Executive,KPI007,Timeliness,10,85,85,89.5,89.5,10.53,Met,106.82,Completed
Sep-Oct 2026,EMP045,Manish,HR,Senior Executive,KPI008,Process Compliance,10,85,85,84.9,84.9,9.99,Partially Met,106.82,Completed
Sep-Oct 2026,EMP045,Manish,HR,Senior Executive,KPI009,Training Completion,5,100,85,88.6,88.6,5.21,Met,106.82,Completed
Sep-Oct 2026,EMP045,Manish,HR,Senior Executive,KPI010,Documentation Accuracy,5,95,95,103.6,103.6,5.45,Met,106.82,Completed
Sep-Oct 2026,EMP046,Anu,Customer Support,Assistant Manager,KPI001,Productivity,15,90,90,77.4,77.4,12.9,Partially Met,98.93,Completed
Sep-Oct 2026,EMP046,Anu,Customer Support,Assistant Manager,KPI002,Quality Score,15,85,85,87.2,87.2,15.39,Met,98.93,Completed
Sep-Oct 2026,EMP046,Anu,Customer Support,Assistant Manager,KPI003,Attendance,10,26,90,20.3,78,8.67,Partially Met,98.93,Completed
Sep-Oct 2026,EMP046,Anu,Customer Support,Assistant Manager,KPI004,SLA Compliance,10,100,85,83.4,83.4,9.81,Partially Met,98.93,Completed
Sep-Oct 2026,EMP046,Anu,Customer Support,Assistant Manager,KPI005,Customer Satisfaction,10,85,85,90.5,90.5,10.65,Met,98.93,Completed
Sep-Oct 2026,EMP046,Anu,Customer Support,Assistant Manager,KPI006,Error Rate,10,5,5,6.17,81,12,Met,98.93,Completed
Sep-Oct 2026,EMP046,Anu,Customer Support,Assistant Manager,KPI007,Timeliness,10,90,90,87.5,87.5,9.72,Partially Met,98.93,Completed
Sep-Oct 2026,EMP046,Anu,Customer Support,Assistant Manager,KPI008,Process Compliance,10,90,90,87.5,87.5,9.72,Partially Met,98.93,Completed
Sep-Oct 2026,EMP046,Anu,Customer Support,Assistant Manager,KPI009,Training Completion,5,100,90,90.7,90.7,5.04,Met,98.93,Completed
Sep-Oct 2026,EMP046,Anu,Customer Support,Assistant Manager,KPI010,Documentation Accuracy,5,95,95,95.6,95.6,5.03,Met,98.93,Completed
Sep-Oct 2026,EMP047,Prakash,IT,Team Lead,KPI001,Productivity,15,95,95,89.5,89.5,14.13,Partially Met,96.2,Completed
Sep-Oct 2026,EMP047,Prakash,IT,Team Lead,KPI002,Quality Score,15,95,95,98.4,98.4,15.54,Met,96.2,Completed
Sep-Oct 2026,EMP047,Prakash,IT,Team Lead,KPI003,Attendance,10,26,85,20.5,79,9.29,Partially Met,96.2,Completed
Sep-Oct 2026,EMP047,Prakash,IT,Team Lead,KPI004,SLA Compliance,10,100,90,79.6,79.6,8.84,Partially Met,96.2,Completed
Sep-Oct 2026,EMP047,Prakash,IT,Team Lead,KPI005,Customer Satisfaction,10,90,90,74.8,74.8,8.31,Partially Met,96.2,Completed
Sep-Oct 2026,EMP047,Prakash,IT,Team Lead,KPI006,Error Rate,10,3,3,3.46,86.7,12,Met,96.2,Completed
Sep-Oct 2026,EMP047,Prakash,IT,Team Lead,KPI007,Timeliness,10,90,90,75.9,75.9,8.43,Partially Met,96.2,Completed
Sep-Oct 2026,EMP047,Prakash,IT,Team Lead,KPI008,Process Compliance,10,85,85,88.3,88.3,10.39,Met,96.2,Completed
Sep-Oct 2026,EMP047,Prakash,IT,Team Lead,KPI009,Training Completion,5,100,85,81.8,81.8,4.81,Partially Met,96.2,Completed
Sep-Oct 2026,EMP047,Prakash,IT,Team Lead,KPI010,Documentation Accuracy,5,85,85,75.8,75.8,4.46,Partially Met,96.2,Completed
Sep-Oct 2026,EMP048,Isha,Sales,Manager,KPI001,Productivity,15,90,90,82.1,82.1,13.68,Partially Met,96.78,Completed
Sep-Oct 2026,EMP048,Isha,Sales,Manager,KPI002,Quality Score,15,90,90,87.4,87.4,14.57,Partially Met,96.78,Completed
Sep-Oct 2026,EMP048,Isha,Sales,Manager,KPI003,Attendance,10,26,95,23,88.6,9.33,Partially Met,96.78,Completed
Sep-Oct 2026,EMP048,Isha,Sales,Manager,KPI004,SLA Compliance,10,100,90,86.2,86.2,9.58,Partially Met,96.78,Completed
Sep-Oct 2026,EMP048,Isha,Sales,Manager,KPI005,Customer Satisfaction,10,90,90,81.6,81.6,9.07,Partially Met,96.78,Completed
Sep-Oct 2026,EMP048,Isha,Sales,Manager,KPI006,Error Rate,10,7,7,7.76,90.2,12,Met,96.78,Completed
Sep-Oct 2026,EMP048,Isha,Sales,Manager,KPI007,Timeliness,10,85,85,74.8,74.8,8.8,Partially Met,96.78,Completed
Sep-Oct 2026,EMP048,Isha,Sales,Manager,KPI008,Process Compliance,10,85,85,83,83,9.76,Partially Met,96.78,Completed
Sep-Oct 2026,EMP048,Isha,Sales,Manager,KPI009,Training Completion,5,100,90,86,86,4.78,Partially Met,96.78,Completed
Sep-Oct 2026,EMP048,Isha,Sales,Manager,KPI010,Documentation Accuracy,5,85,85,88.5,88.5,5.21,Met,96.78,Completed
Sep-Oct 2026,EMP049,Aditya,Customer Support,Team Lead,KPI001,Productivity,15,90,90,81,81,13.5,Partially Met,94.08,Completed
Sep-Oct 2026,EMP049,Aditya,Customer Support,Team Lead,KPI002,Quality Score,15,90,90,73.7,73.7,12.28,Partially Met,94.08,Completed
Sep-Oct 2026,EMP049,Aditya,Customer Support,Team Lead,KPI003,Attendance,10,26,95,24.3,93.4,9.83,Partially Met,94.08,Completed
Sep-Oct 2026,EMP049,Aditya,Customer Support,Team Lead,KPI004,SLA Compliance,10,100,95,81.2,81.2,8.55,Partially Met,94.08,Completed
Sep-Oct 2026,EMP049,Aditya,Customer Support,Team Lead,KPI005,Customer Satisfaction,10,95,95,83.4,83.4,8.78,Partially Met,94.08,Completed
Sep-Oct 2026,EMP049,Aditya,Customer Support,Team Lead,KPI006,Error Rate,10,7,7,8.26,84.7,12,Met,94.08,Completed
Sep-Oct 2026,EMP049,Aditya,Customer Support,Team Lead,KPI007,Timeliness,10,95,95,95.9,95.9,10.09,Met,94.08,Completed
Sep-Oct 2026,EMP049,Aditya,Customer Support,Team Lead,KPI008,Process Compliance,10,90,90,91,91,10.11,Met,94.08,Completed
Sep-Oct 2026,EMP049,Aditya,Customer Support,Team Lead,KPI009,Training Completion,5,100,85,77.8,77.8,4.58,Partially Met,94.08,Completed
Sep-Oct 2026,EMP049,Aditya,Customer Support,Team Lead,KPI010,Documentation Accuracy,5,90,90,78.4,78.4,4.36,Partially Met,94.08,Completed
Sep-Oct 2026,EMP050,Radhika,Quality Assurance,Executive,KPI001,Productivity,15,95,95,98.2,98.2,15.51,Met,106.13,Completed
Sep-Oct 2026,EMP050,Radhika,Quality Assurance,Executive,KPI002,Quality Score,15,85,85,93.4,93.4,16.48,Met,106.13,Completed
Sep-Oct 2026,EMP050,Radhika,Quality Assurance,Executive,KPI003,Attendance,10,26,95,26,100,10.53,Met,106.13,Completed
Sep-Oct 2026,EMP050,Radhika,Quality Assurance,Executive,KPI004,SLA Compliance,10,100,90,94.7,94.7,10.52,Met,106.13,Completed
Sep-Oct 2026,EMP050,Radhika,Quality Assurance,Executive,KPI005,Customer Satisfaction,10,95,95,105.6,105.6,11.12,Met,106.13,Completed
Sep-Oct 2026,EMP050,Radhika,Quality Assurance,Executive,KPI006,Error Rate,10,3,3,2.79,107.5,12,Met,106.13,Completed
Sep-Oct 2026,EMP050,Radhika,Quality Assurance,Executive,KPI007,Timeliness,10,85,85,78.6,78.6,9.25,Partially Met,106.13,Completed
Sep-Oct 2026,EMP050,Radhika,Quality Assurance,Executive,KPI008,Process Compliance,10,85,85,86.7,86.7,10.2,Met,106.13,Completed
Sep-Oct 2026,EMP050,Radhika,Quality Assurance,Executive,KPI009,Training Completion,5,100,90,93.2,93.2,5.18,Met,106.13,Completed
Sep-Oct 2026,EMP050,Radhika,Quality Assurance,Executive,KPI010,Documentation Accuracy,5,95,95,101.4,101.4,5.34,Met,106.13,Completed
